,col_names
0,Gender_F
1,LogSNV_Mb
2,LogINDEL_Mb
3,ABL1
4,AKT1
5,AKT2
6,AKT3
7,ALK
8,ALOX12B
9,FAM123B
10,APC
11,AR
12,ARAF
13,ARID1A
14,ARID1B
15,ARID2
16,ARID5B
17,ASXL1
18,ASXL2
19,ATM
20,ATR
21,ATRX
22,AURKA
23,AURKB
24,AXIN1
25,AXIN2
26,AXL
27,B2M
28,BAP1
29,BARD1
30,BBC3
31,BCL2
32,BCL2L1
33,BCL2L11
34,BCL6
35,BCOR
36,BLM
37,BMPR1A
38,BRAF
39,BRCA1
40,BRCA2
41,BRD4
42,BRIP1
43,BTK
44,CARD11
45,CASP8
46,CBFB
47,CBL
48,CCND1
49,CCND2
50,CCND3
51,CCNE1
52,CD274
53,CD276
54,CD79B
55,CDC73
56,CDH1
57,CDK12
58,CDK4
59,CDK6
60,CDK8
61,CDKN1A
62,CDKN1B
63,CDKN2A
64,CDKN2B
65,CDKN2C
66,CHEK1
67,CHEK2
68,CIC
69,CREBBP
70,CRKL
71,CRLF2
72,CSF1R
73,CTCF
74,CTLA4
75,CTNNB1
76,CUL3
77,DAXX
78,DCUN1D1
79,DDR2
80,DICER1
81,DIS3
82,DNMT1
83,DNMT3A
84,DNMT3B
85,DOT1L
86,E2F3
87,EED
88,EGFL7
89,EGFR
90,EIF1AX
91,EP300
92,EPCAM
93,EPHA3
94,EPHA5
95,EPHB1
96,ERBB2
97,ERBB3
98,ERBB4
99,ERCC2
100,ERCC3
101,ERCC4
102,ERCC5
103,ERG
104,ESR1
105,ETV1
106,ETV6
107,EZH2
108,FAM175A
109,FAM46C
110,FANCA
111,FANCC
112,FAT1
113,FBXW7
114,FGF19
115,FGF3
116,FGF4
117,FGFR1
118,FGFR2
119,FGFR3
120,FGFR4
121,FH
122,FLCN
123,FLT1
124,FLT3
125,FLT4
126,FOXA1
127,FOXL2
128,FOXP1
129,FUBP1
130,GATA1
131,GATA2
132,GATA3
133,GNA11
134,GNAQ
135,GNAS
136,GREM1
137,GRIN2A
138,GSK3B
139,H3F3C
140,HGF
141,HIST1H1C
142,HIST1H2BD
143,HIST1H3B
144,HNF1A
145,HRAS
146,ICOSLG
147,IDH1
148,IDH2
149,IFNGR1
150,IGF1
151,IGF1R
152,IGF2
153,IKBKE
154,IKZF1
155,IL10
156,IL7R
157,INPP4A
158,INPP4B
159,INSR
160,IRF4
161,IRS1
162,IRS2
163,JAK1
164,JAK2
165,JAK3
166,JUN
167,KDM5A
168,KDM5C
169,KDM6A
170,KDR
171,KEAP1
172,KIT
173,KLF4
174,KMT2A
175,KMT2C
176,KMT2D
177,KRAS
178,LATS1
179,LATS2
180,LMO1
181,MAP2K1
182,MAP2K2
183,MAP2K4
184,MAP3K1
185,MAP3K13
186,MAPK1
187,MAX
188,MCL1
189,MDC1
190,MDM2
191,MDM4
192,MED12
193,MEF2B
194,MEN1
195,MET
196,MITF
197,MLH1
198,MPL
199,MRE11A
200,MSH2
201,MSH6
202,MTOR
203,MUTYH
204,MYC
205,MYCL1
206,MYCN
207,MYD88
208,MYOD1
209,NBN
210,NCOR1
211,NF1
212,NF2
213,NFE2L2
214,NKX2-1
215,NKX3-1
216,NOTCH1
217,NOTCH2
218,NOTCH3
219,NOTCH4
220,NPM1
221,NRAS
222,NSD1
223,NTRK1
224,NTRK2
225,NTRK3
226,PAK1
227,PAK7
228,PALB2
229,PARK2
230,PARP1
231,PAX5
232,PBRM1
233,PDCD1
234,PDGFRA
235,PDGFRB
236,PDPK1
237,PHOX2B
238,PIK3C2G
239,PIK3C3
240,PIK3CA
241,PIK3CB
242,PIK3CD
243,PIK3CG
244,PIK3R1
245,PIK3R2
246,PIK3R3
247,PIM1
248,PLK2
249,PMAIP1
250,PMS1
251,PMS2
252,PNRC1
253,POLE
254,PPP2R1A
255,PRDM1
256,PRKAR1A
257,PTCH1
258,PTEN
259,PTPN11
260,PTPRD
261,PTPRS
262,PTPRT
263,RAC1
264,RAD50
265,RAD51
266,RAD51L1
267,RAD51C
268,RAD51L3
269,RAD52
270,RAD54L
271,RAF1
272,RARA
273,RASA1
274,RB1
275,RBM10
276,RECQL4
277,REL
278,RET
279,RFWD2
280,RHOA
281,RICTOR
282,RIT1
283,RNF43
284,ROS1
285,RPS6KA4
286,RPS6KB2
287,RPTOR
288,RUNX1
289,RYBP
290,SDHA
291,SDHAF2
292,SDHB
293,SDHC
294,SDHD
295,SETD2
296,SF3B1
297,SH2D1A
298,SHQ1
299,SMAD2
300,SMAD3
301,SMAD4
302,SMARCA4
303,SMARCB1
304,SMARCD1
305,SMO
306,SOCS1
307,SOX17
308,SOX2
309,SOX9
310,SPEN
311,SPOP
312,SRC
313,STAG2
314,STK11
315,STK40
316,SUFU
317,SUZ12
318,SYK
319,TBX3
320,TERT
321,TET1
322,TET2
323,TGFBR1
324,TGFBR2
325,TMEM127
326,TMPRSS2
327,TNFAIP3
328,TNFRSF14
329,TOP1
330,TP53
331,TP63
332,TRAF7
333,TSC1
334,TSC2
335,TSHR
336,U2AF1
337,VHL
338,VTCN1
339,WT1
340,XIAP
341,XPO1
342,YAP1
343,YES1
344,TERTp
345,ABL1_TRUNC
346,AKT1_TRUNC
347,AKT2_TRUNC
348,AKT3_TRUNC
349,ALK_TRUNC
350,ALOX12B_TRUNC
351,FAM123B_TRUNC
352,APC_TRUNC
353,AR_TRUNC
354,ARAF_TRUNC
355,ARID1A_TRUNC
356,ARID1B_TRUNC
357,ARID2_TRUNC
358,ARID5B_TRUNC
359,ASXL1_TRUNC
360,ASXL2_TRUNC
361,ATM_TRUNC
362,ATR_TRUNC
363,ATRX_TRUNC
364,AURKA_TRUNC
365,AURKB_TRUNC
366,AXIN1_TRUNC
367,AXIN2_TRUNC
368,AXL_TRUNC
369,B2M_TRUNC
370,BAP1_TRUNC
371,BARD1_TRUNC
372,BBC3_TRUNC
373,BCL2_TRUNC
374,BCL2L1_TRUNC
375,BCL2L11_TRUNC
376,BCL6_TRUNC
377,BCOR_TRUNC
378,BLM_TRUNC
379,BMPR1A_TRUNC
380,BRAF_TRUNC
381,BRCA1_TRUNC
382,BRCA2_TRUNC
383,BRD4_TRUNC
384,BRIP1_TRUNC
385,BTK_TRUNC
386,CARD11_TRUNC
387,CASP8_TRUNC
388,CBFB_TRUNC
389,CBL_TRUNC
390,CCND1_TRUNC
391,CCND2_TRUNC
392,CCND3_TRUNC
393,CCNE1_TRUNC
394,CD274_TRUNC
395,CD276_TRUNC
396,CD79B_TRUNC
397,CDC73_TRUNC
398,CDH1_TRUNC
399,CDK12_TRUNC
400,CDK4_TRUNC
401,CDK6_TRUNC
402,CDK8_TRUNC
403,CDKN1A_TRUNC
404,CDKN1B_TRUNC
405,CDKN2A_TRUNC
406,CDKN2B_TRUNC
407,CDKN2C_TRUNC
408,CHEK1_TRUNC
409,CHEK2_TRUNC
410,CIC_TRUNC
411,CREBBP_TRUNC
412,CRKL_TRUNC
413,CRLF2_TRUNC
414,CSF1R_TRUNC
415,CTCF_TRUNC
416,CTLA4_TRUNC
417,CTNNB1_TRUNC
418,CUL3_TRUNC
419,DAXX_TRUNC
420,DCUN1D1_TRUNC
421,DDR2_TRUNC
422,DICER1_TRUNC
423,DIS3_TRUNC
424,DNMT1_TRUNC
425,DNMT3A_TRUNC
426,DNMT3B_TRUNC
427,DOT1L_TRUNC
428,E2F3_TRUNC
429,EED_TRUNC
430,EGFL7_TRUNC
431,EGFR_TRUNC
432,EIF1AX_TRUNC
433,EP300_TRUNC
434,EPCAM_TRUNC
435,EPHA3_TRUNC
436,EPHA5_TRUNC
437,EPHB1_TRUNC
438,ERBB2_TRUNC
439,ERBB3_TRUNC
440,ERBB4_TRUNC
441,ERCC2_TRUNC
442,ERCC3_TRUNC
443,ERCC4_TRUNC
444,ERCC5_TRUNC
445,ERG_TRUNC
446,ESR1_TRUNC
447,ETV1_TRUNC
448,ETV6_TRUNC
449,EZH2_TRUNC
450,FAM175A_TRUNC
451,FAM46C_TRUNC
452,FANCA_TRUNC
453,FANCC_TRUNC
454,FAT1_TRUNC
455,FBXW7_TRUNC
456,FGF19_TRUNC
457,FGF3_TRUNC
458,FGF4_TRUNC
459,FGFR1_TRUNC
460,FGFR2_TRUNC
461,FGFR3_TRUNC
462,FGFR4_TRUNC
463,FH_TRUNC
464,FLCN_TRUNC
465,FLT1_TRUNC
466,FLT3_TRUNC
467,FLT4_TRUNC
468,FOXA1_TRUNC
469,FOXL2_TRUNC
470,FOXP1_TRUNC
471,FUBP1_TRUNC
472,GATA1_TRUNC
473,GATA2_TRUNC
474,GATA3_TRUNC
475,GNA11_TRUNC
476,GNAQ_TRUNC
477,GNAS_TRUNC
478,GREM1_TRUNC
479,GRIN2A_TRUNC
480,GSK3B_TRUNC
481,H3F3C_TRUNC
482,HGF_TRUNC
483,HIST1H1C_TRUNC
484,HIST1H2BD_TRUNC
485,HIST1H3B_TRUNC
486,HNF1A_TRUNC
487,HRAS_TRUNC
488,ICOSLG_TRUNC
489,IDH1_TRUNC
490,IDH2_TRUNC
491,IFNGR1_TRUNC
492,IGF1_TRUNC
493,IGF1R_TRUNC
494,IGF2_TRUNC
495,IKBKE_TRUNC
496,IKZF1_TRUNC
497,IL10_TRUNC
498,IL7R_TRUNC
499,INPP4A_TRUNC
500,INPP4B_TRUNC
501,INSR_TRUNC
502,IRF4_TRUNC
503,IRS1_TRUNC
504,IRS2_TRUNC
505,JAK1_TRUNC
506,JAK2_TRUNC
507,JAK3_TRUNC
508,JUN_TRUNC
509,KDM5A_TRUNC
510,KDM5C_TRUNC
511,KDM6A_TRUNC
512,KDR_TRUNC
513,KEAP1_TRUNC
514,KIT_TRUNC
515,KLF4_TRUNC
516,KMT2A_TRUNC
517,KMT2C_TRUNC
518,KMT2D_TRUNC
519,KRAS_TRUNC
520,LATS1_TRUNC
521,LATS2_TRUNC
522,LMO1_TRUNC
523,MAP2K1_TRUNC
524,MAP2K2_TRUNC
525,MAP2K4_TRUNC
526,MAP3K1_TRUNC
527,MAP3K13_TRUNC
528,MAPK1_TRUNC
529,MAX_TRUNC
530,MCL1_TRUNC
531,MDC1_TRUNC
532,MDM2_TRUNC
533,MDM4_TRUNC
534,MED12_TRUNC
535,MEF2B_TRUNC
536,MEN1_TRUNC
537,MET_TRUNC
538,MITF_TRUNC
539,MLH1_TRUNC
540,MPL_TRUNC
541,MRE11A_TRUNC
542,MSH2_TRUNC
543,MSH6_TRUNC
544,MTOR_TRUNC
545,MUTYH_TRUNC
546,MYC_TRUNC
547,MYCL1_TRUNC
548,MYCN_TRUNC
549,MYD88_TRUNC
550,MYOD1_TRUNC
551,NBN_TRUNC
552,NCOR1_TRUNC
553,NF1_TRUNC
554,NF2_TRUNC
555,NFE2L2_TRUNC
556,NKX2-1_TRUNC
557,NKX3-1_TRUNC
558,NOTCH1_TRUNC
559,NOTCH2_TRUNC
560,NOTCH3_TRUNC
561,NOTCH4_TRUNC
562,NPM1_TRUNC
563,NRAS_TRUNC
564,NSD1_TRUNC
565,NTRK1_TRUNC
566,NTRK2_TRUNC
567,NTRK3_TRUNC
568,PAK1_TRUNC
569,PAK7_TRUNC
570,PALB2_TRUNC
571,PARK2_TRUNC
572,PARP1_TRUNC
573,PAX5_TRUNC
574,PBRM1_TRUNC
575,PDCD1_TRUNC
576,PDGFRA_TRUNC
577,PDGFRB_TRUNC
578,PDPK1_TRUNC
579,PHOX2B_TRUNC
580,PIK3C2G_TRUNC
581,PIK3C3_TRUNC
582,PIK3CA_TRUNC
583,PIK3CB_TRUNC
584,PIK3CD_TRUNC
585,PIK3CG_TRUNC
586,PIK3R1_TRUNC
587,PIK3R2_TRUNC
588,PIK3R3_TRUNC
589,PIM1_TRUNC
590,PLK2_TRUNC
591,PMAIP1_TRUNC
592,PMS1_TRUNC
593,PMS2_TRUNC
594,PNRC1_TRUNC
595,POLE_TRUNC
596,PPP2R1A_TRUNC
597,PRDM1_TRUNC
598,PRKAR1A_TRUNC
599,PTCH1_TRUNC
600,PTEN_TRUNC
601,PTPN11_TRUNC
602,PTPRD_TRUNC
603,PTPRS_TRUNC
604,PTPRT_TRUNC
605,RAC1_TRUNC
606,RAD50_TRUNC
607,RAD51_TRUNC
608,RAD51L1_TRUNC
609,RAD51C_TRUNC
610,RAD51L3_TRUNC
611,RAD52_TRUNC
612,RAD54L_TRUNC
613,RAF1_TRUNC
614,RARA_TRUNC
615,RASA1_TRUNC
616,RB1_TRUNC
617,RBM10_TRUNC
618,RECQL4_TRUNC
619,REL_TRUNC
620,RET_TRUNC
621,RFWD2_TRUNC
622,RHOA_TRUNC
623,RICTOR_TRUNC
624,RIT1_TRUNC
625,RNF43_TRUNC
626,ROS1_TRUNC
627,RPS6KA4_TRUNC
628,RPS6KB2_TRUNC
629,RPTOR_TRUNC
630,RUNX1_TRUNC
631,RYBP_TRUNC
632,SDHA_TRUNC
633,SDHAF2_TRUNC
634,SDHB_TRUNC
635,SDHC_TRUNC
636,SDHD_TRUNC
637,SETD2_TRUNC
638,SF3B1_TRUNC
639,SH2D1A_TRUNC
640,SHQ1_TRUNC
641,SMAD2_TRUNC
642,SMAD3_TRUNC
643,SMAD4_TRUNC
644,SMARCA4_TRUNC
645,SMARCB1_TRUNC
646,SMARCD1_TRUNC
647,SMO_TRUNC
648,SOCS1_TRUNC
649,SOX17_TRUNC
650,SOX2_TRUNC
651,SOX9_TRUNC
652,SPEN_TRUNC
653,SPOP_TRUNC
654,SRC_TRUNC
655,STAG2_TRUNC
656,STK11_TRUNC
657,STK40_TRUNC
658,SUFU_TRUNC
659,SUZ12_TRUNC
660,SYK_TRUNC
661,TBX3_TRUNC
662,TERT_TRUNC
663,TET1_TRUNC
664,TET2_TRUNC
665,TGFBR1_TRUNC
666,TGFBR2_TRUNC
667,TMEM127_TRUNC
668,TMPRSS2_TRUNC
669,TNFAIP3_TRUNC
670,TNFRSF14_TRUNC
671,TOP1_TRUNC
672,TP53_TRUNC
673,TP63_TRUNC
674,TRAF7_TRUNC
675,TSC1_TRUNC
676,TSC2_TRUNC
677,TSHR_TRUNC
678,U2AF1_TRUNC
679,VHL_TRUNC
680,VTCN1_TRUNC
681,WT1_TRUNC
682,XIAP_TRUNC
683,XPO1_TRUNC
684,YAP1_TRUNC
685,YES1_TRUNC
686,ACVR1_hotspot
687,AKT1_hotspot
688,AKT2_hotspot
689,AKT3_hotspot
690,ALK_hotspot
691,ANKRD11_hotspot
692,APC_hotspot
693,AR_hotspot
694,ARAF_hotspot
695,ARID1A_hotspot
696,ARID2_hotspot
697,ASXL2_hotspot
698,ATM_hotspot
699,ATRX_hotspot
700,AXIN1_hotspot
701,AXL_hotspot
702,B2M_hotspot
703,BAP1_hotspot
704,BCL10_hotspot
705,BCL2_hotspot
706,BCL2L11_hotspot
707,BCL6_hotspot
708,BCOR_hotspot
709,BRAF_hotspot
710,BRCA2_hotspot
711,CARD11_hotspot
712,CBFB_hotspot
713,CBL_hotspot
714,CCND1_hotspot
715,CCND3_hotspot
716,CDH1_hotspot
717,CDK12_hotspot
718,CDK4_hotspot
719,CDKN1B_hotspot
720,CDKN2A_hotspot
721,CHEK2_hotspot
722,CIC_hotspot
723,CREBBP_hotspot
724,CRLF2_hotspot
725,CTCF_hotspot
726,CTNNB1_hotspot
727,CUL3_hotspot
728,DICER1_hotspot
729,DIS3_hotspot
730,DNMT1_hotspot
731,DNMT3A_hotspot
732,DNMT3B_hotspot
733,EGFR_hotspot
734,EIF1AX_hotspot
735,EP300_hotspot
736,EPHA3_hotspot
737,EPHA7_hotspot
738,EPHB1_hotspot
739,ERBB2_hotspot
740,ERBB3_hotspot
741,ERBB4_hotspot
742,ERCC2_hotspot
743,ERRFI1_hotspot
744,ESR1_hotspot
745,ETV6_hotspot
746,FAT1_hotspot
747,FBXW7_hotspot
748,FGFR2_hotspot
749,FGFR3_hotspot
750,FGFR4_hotspot
751,FOXA1_hotspot
752,FOXL2_hotspot
753,FOXO1_hotspot
754,FOXP1_hotspot
755,FUBP1_hotspot
756,GATA2_hotspot
757,GATA3_hotspot
758,GLI1_hotspot
759,GNA11_hotspot
760,GNAQ_hotspot
761,GNAS_hotspot
762,H3F3A_hotspot
763,HGF_hotspot
764,HIST1H1C_hotspot
765,HIST1H3B_hotspot
766,HIST1H3H_hotspot
767,HNF1A_hotspot
768,HRAS_hotspot
769,IDH1_hotspot
770,IDH2_hotspot
771,IKZF1_hotspot
772,IL7R_hotspot
773,IRF4_hotspot
774,JAK1_hotspot
775,JUN_hotspot
776,KDM6A_hotspot
777,KDR_hotspot
778,KEAP1_hotspot
779,KIT_hotspot
780,KLF4_hotspot
781,KRAS_hotspot
782,MAP2K1_hotspot
783,MAP2K2_hotspot
784,MAP2K4_hotspot
785,MAP3K1_hotspot
786,MAP3K13_hotspot
787,MAPK1_hotspot
788,MAX_hotspot
789,MDC1_hotspot
790,MED12_hotspot
791,MEF2B_hotspot
792,MET_hotspot
793,MGA_hotspot
794,MSH2_hotspot
795,MTOR_hotspot
796,MYC_hotspot
797,MYCN_hotspot
798,MYD88_hotspot
799,MYOD1_hotspot
800,NCOA3_hotspot
801,NF1_hotspot
802,NFE2L2_hotspot
803,NOTCH1_hotspot
804,NOTCH2_hotspot
805,NRAS_hotspot
806,NUP93_hotspot
807,PAK7_hotspot
808,PAX5_hotspot
809,PBRM1_hotspot
810,PDGFRA_hotspot
811,PDPK1_hotspot
812,PGR_hotspot
813,PIK3CA_hotspot
814,PIK3CB_hotspot
815,PIK3CD_hotspot
816,PIK3R1_hotspot
817,PIK3R2_hotspot
818,PIM1_hotspot
819,POLE_hotspot
820,PPM1D_hotspot
821,PPP2R1A_hotspot
822,PPP6C_hotspot
823,PTEN_hotspot
824,PTPN11_hotspot
825,PTPRD_hotspot
826,PTPRS_hotspot
827,PTPRT_hotspot
828,RAC1_hotspot
829,RAD51C_hotspot
830,RAD52_hotspot
831,RAF1_hotspot
832,RB1_hotspot
833,RET_hotspot
834,RHEB_hotspot
835,RHOA_hotspot
836,RICTOR_hotspot
837,RIT1_hotspot
838,RNF43_hotspot
839,RPS6KA4_hotspot
840,RPTOR_hotspot
841,SDHA_hotspot
842,SDHAF2_hotspot
843,SETD2_hotspot
844,SF3B1_hotspot
845,SMAD2_hotspot
846,SMAD3_hotspot
847,SMAD4_hotspot
848,SMARCA4_hotspot
849,SMARCB1_hotspot
850,SMARCD1_hotspot
851,SMO_hotspot
852,SOCS1_hotspot
853,SOX17_hotspot
854,SOX9_hotspot
855,SPOP_hotspot
856,SRSF2_hotspot
857,STAG2_hotspot
858,STAT3_hotspot
859,STK11_hotspot
860,TBX3_hotspot
861,TCEB1_hotspot
862,TET1_hotspot
863,TET2_hotspot
864,TGFBR1_hotspot
865,TNFRSF14_hotspot
866,TP53_hotspot
867,TP63_hotspot
868,TRAF7_hotspot
869,TSC1_hotspot
870,U2AF1_hotspot
871,VHL_hotspot
872,XPO1_hotspot
873,ABCC10_hotspot
874,ACADS_hotspot
875,ACP6_hotspot
876,ACSBG2_hotspot
877,ACVR1B_hotspot
878,AHI1_hotspot
879,AMPD1_hotspot
880,ANKZF1_hotspot
881,ARHGAP28_hotspot
882,ARID1B_hotspot
883,ARID3A_hotspot
884,ARIH1_hotspot
885,ARL16_hotspot
886,ASF1B_hotspot
887,ATP6V1B2_hotspot
888,BCL2L12_hotspot
889,BNC2_hotspot
890,BRD4_hotspot
891,BRD7_hotspot
892,BRINP1_hotspot
893,BTBD11_hotspot
894,C16orf80_hotspot
895,C3orf70_hotspot
896,C5orf49_hotspot
897,C6_hotspot
898,CANT1_hotspot
899,CASP8_hotspot
900,CCT8_hotspot
901,CD79B_hotspot
902,CDK6_hotspot
903,CEBPA_hotspot
904,CELSR1_hotspot
905,CEP63_hotspot
906,CEP89_hotspot
907,CHIT1_hotspot
908,CIZ1_hotspot
909,CLEC14A_hotspot
910,COBL_hotspot
911,CR1_hotspot
912,CRB1_hotspot
913,CRNKL1_hotspot
914,CSPG5_hotspot
915,CYP2C8_hotspot
916,CYP4A11_hotspot
917,CYP7B1_hotspot
918,CYSLTR2_hotspot
919,DCAF13_hotspot
920,DDX28_hotspot
921,DHRS4_hotspot
922,DNAH9_hotspot
923,DNAJB1_hotspot
924,DUSP16_hotspot
925,EBF2_hotspot
926,ELTD1_hotspot
927,EPAS1_hotspot
928,ERCC3_hotspot
929,ERG_hotspot
930,EYA4_hotspot
931,EZH2_hotspot
932,FAM46D_hotspot
933,FAM58A_hotspot
934,FGFR1_hotspot
935,FH_hotspot
936,FLT3_hotspot
937,FRMD4B_hotspot
938,FRMD6_hotspot
939,FZD10_hotspot
940,GPS2_hotspot
941,GSK3B_hotspot
942,GTF2I_hotspot
943,HIST1H3C_hotspot
944,HNMT_hotspot
945,HOOK2_hotspot
946,HOXB2_hotspot
947,HSD11B1_hotspot
948,IGF1R_hotspot
949,ING1_hotspot
950,INMT_hotspot
951,INPPL1_hotspot
952,INTS12_hotspot
953,KAT8_hotspot
954,KCNH5_hotspot
955,KCNJ12_hotspot
956,KCNJ8_hotspot
957,KCNQ5_hotspot
958,KIAA0020_hotspot
959,KIF26B_hotspot
960,KLF5_hotspot
961,KMT2A_hotspot
962,KMT2C_hotspot
963,KMT2D_hotspot
964,KNSTRN_hotspot
965,LAMC1_hotspot
966,LATS2_hotspot
967,LCE1A_hotspot
968,LCE1F_hotspot
969,LRP1_hotspot
970,LRP5_hotspot
971,LRRC71_hotspot
972,LSM14A_hotspot
973,LST3_hotspot
974,LTN1_hotspot
975,LYN_hotspot
976,MAGEC1_hotspot
977,MAGI2_hotspot
978,MAGOH_hotspot
979,MAPK7_hotspot
980,MARCH10_hotspot
981,MED28_hotspot
982,MEF2A_hotspot
983,METTL14_hotspot
984,MXRA5_hotspot
985,MYO18A_hotspot
986,MYO18B_hotspot
987,MYO9A_hotspot
988,MYT1L_hotspot
989,NAP1L3_hotspot
990,NCR1_hotspot
991,NFIC_hotspot
992,NOL4_hotspot
993,NPAS1_hotspot
994,NSD1_hotspot
995,OBP2B_hotspot
996,OXA1L_hotspot
997,PACS2_hotspot
998,PARP1_hotspot
999,PASD1_hotspot
1000,PCBP1_hotspot
1001,PCED1B_hotspot
1002,PCMTD1_hotspot
1003,PCSK5_hotspot
1004,PDHA1_hotspot
1005,PLCB3_hotspot
1006,PLK2_hotspot
1007,PNLIPRP3_hotspot
1008,PODXL_hotspot
1009,POM121_hotspot
1010,PRDM14_hotspot
1011,PREX2_hotspot
1012,PRKCI_hotspot
1013,PSG4_hotspot
1014,PTN_hotspot
1015,RAD50_hotspot
1016,RARA_hotspot
1017,RBM10_hotspot
1018,RBM39_hotspot
1019,RECQL4_hotspot
1020,RIMS1_hotspot
1021,RIMS2_hotspot
1022,RINT1_hotspot
1023,RIPPLY2_hotspot
1024,RPL10L_hotspot
1025,RQCD1_hotspot
1026,RRAS2_hotspot
1027,RTKN2_hotspot
1028,RUNX1_hotspot
1029,RXRA_hotspot
1030,S100A3_hotspot
1031,S100A8_hotspot
1032,SEMA4B_hotspot
1033,SESN2_hotspot
1034,SHB_hotspot
1035,SHROOM1_hotspot
1036,SLC16A13_hotspot
1037,SLC27A5_hotspot
1038,SLCO1B7_hotspot
1039,SMTNL2_hotspot
1040,SNRPD3_hotspot
1041,SOS1_hotspot
1042,SPRED1_hotspot
1043,SPTA1_hotspot
1044,SSBP3_hotspot
1045,STK19_hotspot
1046,SUZ12_hotspot
1047,SWI5_hotspot
1048,SYT13_hotspot
1049,TACC3_hotspot
1050,TARBP2_hotspot
1051,TBX2_hotspot
1052,TCF20_hotspot
1053,TCF3_hotspot
1054,TCF7L2_hotspot
1055,TGFBR2_hotspot
1056,TGFBRAP1_hotspot
1057,THBD_hotspot
1058,THRA_hotspot
1059,THSD7B_hotspot
1060,TMEM131_hotspot
1061,TMEM147_hotspot
1062,TMEM200C_hotspot
1063,TOP2B_hotspot
1064,TPTE2_hotspot
1065,TRIM65_hotspot
1066,TROAP_hotspot
1067,TSC22D2_hotspot
1068,TUBGCP4_hotspot
1069,TUBGCP6_hotspot
1070,UBE2D3_hotspot
1071,UCHL1_hotspot
1072,WDR73_hotspot
1073,WHSC1_hotspot
1074,XPO6_hotspot
1075,ZBTB7A_hotspot
1076,ZHX3_hotspot
1077,ZNF516_hotspot
1078,ZNF623_hotspot
1079,ZNF649_hotspot
1080,ACVR1.G328E
1081,ACVR1.R206H
1082,ACVR1.R258G
1083,AKT1.D323G
1084,AKT1.D323N
1085,AKT1.E17.
1086,AKT1.E17K
1087,AKT1.L52H
1088,AKT1.L52R
1089,AKT1.P68_C77dup
1090,AKT1.Q79K
1091,AKT1.T65_I75dup
1092,AKT2.C60_I75dup
1093,AKT2.L78_Q79insHANTFVIRCL
1094,AKT2.R67_L78dup
1095,AKT2.R76_I84dup
1096,AKT3.E17.
1097,AKT3.E17K
1098,ALK.F1174L
1099,ALK.F1245I
1100,ALK.F1245V
1101,ALK.R1275Q
1102,ALK.R395H
1103,ALK.R401.
1104,ANKRD11.E1008_P1015del
1105,ANKRD11.K1461del
1106,APC.E1353.
1107,APC.E1379.
1108,APC.E1397.
1109,APC.E1408.
1110,APC.Q1294.
1111,APC.Q1303.
1112,APC.Q1328.
1113,APC.Q1338.
1114,APC.Q1367.
1115,APC.Q1378.
1116,APC.Q1406.
1117,APC.Q1429.
1118,APC.R1114.
1119,APC.R1450.
1120,APC.R213.
1121,APC.R216.
1122,APC.R232.
1123,APC.R499.
1124,APC.R564.
1125,APC.R876.
1126,APC.S1315.
1127,APC.Y935.
1128,AR.H875Y
1129,AR.L702H
1130,AR.T878A
1131,AR.W742C
1132,AR.W742L
1133,ARAF.P216L
1134,ARAF.P216R
1135,ARAF.S214A
1136,ARAF.S214F
1137,ARAF.S214P
1138,ARAF.S214Y
1139,ARID1A.G2087E
1140,ARID1A.G2087R
1141,ARID1A.Q1142.
1142,ARID1A.R1276.
1143,ARID1A.R1335.
1144,ARID1A.R1461.
1145,ARID1A.R1461Q
1146,ARID1A.R1721.
1147,ARID1A.R1722.
1148,ARID1A.R1989.
1149,ARID1A.R1989Q
1150,ARID1A.R2158.
1151,ARID1A.R2158Q
1152,ARID1A.R693.
1153,ARID1A.X911_splice
1154,ARID2.R314C
1155,ARID2.S297F
1156,ASXL2.E330K
1157,ASXL2.M1.
1158,ASXL2.R357.
1159,ATM.I2888T
1160,ATM.L2890P
1161,ATM.N2875S
1162,ATM.R1466.
1163,ATM.R1466P
1164,ATM.R1466Q
1165,ATM.R250.
1166,ATM.R2832C
1167,ATM.R3008C
1168,ATM.R3008H
1169,ATM.R3008L
1170,ATM.R337C
1171,ATM.R337H
1172,ATRX.R1426.
1173,ATRX.R907.
1174,ATRX.X199_splice
1175,AXIN1.X652_splice
1176,AXL.A273P
1177,AXL.A273V
1178,B2M.L12P
1179,B2M.L7.
1180,B2M.L7S
1181,B2M.M1.
1182,B2M.X23_splice
1183,BAP1.E31del
1184,BAP1.K25_D34delinsN
1185,BAP1.K25_Q28del
1186,BAP1.Y33del
1187,BCL10.L174.
1188,BCL2.A131D
1189,BCL2.A131T
1190,BCL2.A131V
1191,BCL2.G33R
1192,BCL2.K22.
1193,BCL2.K22R
1194,BCL2.N172Q
1195,BCL2.N172S
1196,BCL2L11.G156.
1197,BCL2L11.G156R
1198,BCL6.R594G
1199,BCL6.R594Q
1200,BCL6.R618C
1201,BCOR.N1459S
1202,BRAF.D594E
1203,BRAF.D594G
1204,BRAF.D594N
1205,BRAF.D594V
1206,BRAF.D594Y
1207,BRAF.G466A
1208,BRAF.G466E
1209,BRAF.G466V
1210,BRAF.G469A
1211,BRAF.G469E
1212,BRAF.G469R
1213,BRAF.G469S
1214,BRAF.G469V
1215,BRAF.G596C
1216,BRAF.G596R
1217,BRAF.I592_A598dup
1218,BRAF.K601E
1219,BRAF.K601N
1220,BRAF.L485W
1221,BRAF.L597Q
1222,BRAF.L597R
1223,BRAF.L597S
1224,BRAF.L597V
1225,BRAF.N486_A489delinsK
1226,BRAF.N486_P490del
1227,BRAF.N581D
1228,BRAF.N581I
1229,BRAF.N581S
1230,BRAF.N581Y
1231,BRAF.T599dup
1232,BRAF.V600E
1233,BRAF.V600K
1234,BRAF.V600R
1235,BRAF.V600_K601delinsE
1236,BRCA2.S2303F
1237,CARD11.D357V
1238,CARD11.D401N
1239,CARD11.E626.
1240,CARD11.E626Q
1241,CARD11.E93K
1242,CARD11.K215T
1243,CARD11.L251P
1244,CARD11.R337.
1245,CARD11.R337Q
1246,CARD11.R423Q
1247,CARD11.R423W
1248,CBFB.W73.
1249,CBL.C384R
1250,CCND1.E9D
1251,CCND1.E9K
1252,CCND1.P287A
1253,CCND1.P287L
1254,CCND1.P287S
1255,CCND1.T286A
1256,CCND1.T286I
1257,CCND1.Y44D
1258,CCND3.I290K
1259,CCND3.I290R
1260,CCND3.Q276.
1261,CDH1.D254E
1262,CDH1.D254N
1263,CDH1.Q23.
1264,CDH1.R335.
1265,CDH1.R335Q
1266,CDH1.R63.
1267,CDH1.X177_splice
1268,CDH1.X278_splice
1269,CDH1.X440_splice
1270,CDH1.X722_splice
1271,CDH1.Y190C
1272,CDK12.R890H
1273,CDK4.K22M
1274,CDK4.R24C
1275,CDK4.R24H
1276,CDK4.R24L
1277,CDK4.R24S
1278,CDKN1B.G72A
1279,CDKN1B.G72D
1280,CDKN1B.X159_splice
1281,CDKN2A.A36_N39delinsD
1282,CDKN2A.D108H
1283,CDKN2A.D108N
1284,CDKN2A.D108Y
1285,CDKN2A.D74N
1286,CDKN2A.D74Y
1287,CDKN2A.D84A
1288,CDKN2A.D84G
1289,CDKN2A.D84N
1290,CDKN2A.D84V
1291,CDKN2A.D84Y
1292,CDKN2A.E120.
1293,CDKN2A.E120K
1294,CDKN2A.E27del
1295,CDKN2A.E88.
1296,CDKN2A.E88K
1297,CDKN2A.G35_A36del
1298,CDKN2A.H83D
1299,CDKN2A.H83N
1300,CDKN2A.H83Q
1301,CDKN2A.H83R
1302,CDKN2A.H83Y
1303,CDKN2A.L130Q
1304,CDKN2A.L32_L37del
1305,CDKN2A.N42H
1306,CDKN2A.N42Y
1307,CDKN2A.P114F
1308,CDKN2A.P114L
1309,CDKN2A.P114S
1310,CDKN2A.P48L
1311,CDKN2A.Q50.
1312,CDKN2A.Q50H
1313,CDKN2A.Q50R
1314,CDKN2A.R58.
1315,CDKN2A.R80.
1316,CDKN2A.S12.
1317,CDKN2A.S12L
1318,CDKN2A.V28_E33del
1319,CDKN2A.W110.
1320,CDKN2A.X153_splice
1321,CDKN2A.X51_splice
1322,CDKN2A.Y129.
1323,CDKN2A.Y129C
1324,CHEK2.R346C
1325,CHEK2.R346G
1326,CHEK2.R346S
1327,CIC.N205S
1328,CIC.P203A
1329,CIC.R1512C
1330,CIC.R1512L
1331,CIC.R1515C
1332,CIC.R1515H
1333,CIC.R201W
1334,CIC.R202Q
1335,CIC.R202W
1336,CIC.R215Q
1337,CIC.R215W
1338,CIC.S231N
1339,CIC.W238R
1340,CIC.X151_splice
1341,CREBBP.D1435G
1342,CREBBP.D1435N
1343,CREBBP.I1431N
1344,CREBBP.I1431S
1345,CREBBP.L1499Q
1346,CREBBP.L1499R
1347,CREBBP.R1446C
1348,CREBBP.R1446H
1349,CREBBP.R1446P
1350,CREBBP.R1446S
1351,CREBBP.S1680del
1352,CREBBP.W1472G
1353,CREBBP.W1472R
1354,CREBBP.W1502C
1355,CREBBP.W1502L
1356,CREBBP.W1502R
1357,CREBBP.Y1450D
1358,CREBBP.Y1450N
1359,CREBBP.Y1482C
1360,CREBBP.Y1482D
1361,CREBBP.Y1482N
1362,CREBBP.Y1503H
1363,CREBBP.Y1503N
1364,CRLF2.S128L
1365,CTCF.H284Y
1366,CTCF.H288R
1367,CTCF.H288Y
1368,CTCF.R377C
1369,CTCF.R377H
1370,CTCF.S354F
1371,CTCF.Y226C
1372,CTNNB1.A43_P44dup
1373,CTNNB1.D32A
1374,CTNNB1.D32G
1375,CTNNB1.D32H
1376,CTNNB1.D32N
1377,CTNNB1.D32V
1378,CTNNB1.D32Y
1379,CTNNB1.D32_I35delinsV
1380,CTNNB1.D32_S33del
1381,CTNNB1.D32_S37delinsA
1382,CTNNB1.G34E
1383,CTNNB1.G34L
1384,CTNNB1.G34R
1385,CTNNB1.G34V
1386,CTNNB1.G34_S71del
1387,CTNNB1.G38_P44del
1388,CTNNB1.H36P
1389,CTNNB1.I35S
1390,CTNNB1.K292E
1391,CTNNB1.K335I
1392,CTNNB1.K335T
1393,CTNNB1.L31_S33del
1394,CTNNB1.N387K
1395,CTNNB1.P44_S60del
1396,CTNNB1.Q26_D32delinsH
1397,CTNNB1.Q28_D32delinsH
1398,CTNNB1.S23_S33del
1399,CTNNB1.S33A
1400,CTNNB1.S33C
1401,CTNNB1.S33F
1402,CTNNB1.S33P
1403,CTNNB1.S33Y
1404,CTNNB1.S33_A39del
1405,CTNNB1.S37A
1406,CTNNB1.S37C
1407,CTNNB1.S37F
1408,CTNNB1.S37P
1409,CTNNB1.S37Y
1410,CTNNB1.S45A
1411,CTNNB1.S45C
1412,CTNNB1.S45F
1413,CTNNB1.S45P
1414,CTNNB1.S45Y
1415,CTNNB1.S45del
1416,CTNNB1.T41A
1417,CTNNB1.T41I
1418,CTNNB1.T41_S45del
1419,CTNNB1.W25_D32del
1420,CTNNB1.W25_H36del
1421,CTNNB1.W383R
1422,CTNNB1.Y30_S33del
1423,CUL3.M299R
1424,CUL3.M299V
1425,DICER1.D1709N
1426,DICER1.D1810N
1427,DICER1.D1810V
1428,DICER1.D1810Y
1429,DICER1.E1813G
1430,DICER1.E1813K
1431,DICER1.E1813Q
1432,DICER1.S1344L
1433,DIS3.D479G
1434,DIS3.D479H
1435,DIS3.D479V
1436,DIS3.D479Y
1437,DIS3.D488N
1438,DIS3.D488Y
1439,DIS3.L767F
1440,DIS3.R382G
1441,DIS3.R382Q
1442,DIS3.R689Q
1443,DIS3.R780T
1444,DNMT1.E432K
1445,DNMT1.E51K
1446,DNMT3A.R882C
1447,DNMT3A.R882H
1448,DNMT3B.V229L
1449,DNMT3B.V229M
1450,EGFR.A289D
1451,EGFR.A289T
1452,EGFR.A289V
1453,EGFR.A750P
1454,EGFR.A767_V769dup
1455,EGFR.D770_N771insG
1456,EGFR.D770_N771insGF
1457,EGFR.D770_N771insY
1458,EGFR.D770_P772dup
1459,EGFR.E709A
1460,EGFR.E709K
1461,EGFR.E709_T710delinsD
1462,EGFR.E746_A750del
1463,EGFR.E746_T751delinsA
1464,EGFR.G598A
1465,EGFR.G598V
1466,EGFR.G719A
1467,EGFR.G719C
1468,EGFR.G719S
1469,EGFR.H304Y
1470,EGFR.H773dup
1471,EGFR.K745_E746insVPVAIK
1472,EGFR.L62R
1473,EGFR.L747F
1474,EGFR.L747P
1475,EGFR.L747S
1476,EGFR.L747_P753delinsS
1477,EGFR.L747_S752del
1478,EGFR.L747_T751del
1479,EGFR.L833M
1480,EGFR.L833V
1481,EGFR.L858R
1482,EGFR.L861Q
1483,EGFR.N771_H773dup
1484,EGFR.N771_P772insH
1485,EGFR.N771_P772insHH
1486,EGFR.N771_P772insV
1487,EGFR.P596L
1488,EGFR.P772_H773dup
1489,EGFR.P772_H773insTPNP
1490,EGFR.R108G
1491,EGFR.R108K
1492,EGFR.R222C
1493,EGFR.R222H
1494,EGFR.R252C
1495,EGFR.R252H
1496,EGFR.S752_I759del
1497,EGFR.S768I
1498,EGFR.S768_D770dup
1499,EGFR.T263P
1500,EGFR.T363I
1501,EGFR.T363N
1502,EGFR.T751_A755del
1503,EGFR.T790M
1504,EGFR.Y764_D770dup
1505,EIF1AX.G15D
1506,EIF1AX.G6C
1507,EIF1AX.G6D
1508,EIF1AX.G6R
1509,EIF1AX.G8R
1510,EIF1AX.G9D
1511,EIF1AX.G9R
1512,EIF1AX.G9V
1513,EIF1AX.K10E
1514,EIF1AX.K10T
1515,EIF1AX.N4I
1516,EIF1AX.N4S
1517,EIF1AX.N4Y
1518,EIF1AX.P2L
1519,EIF1AX.R13C
1520,EIF1AX.R13G
1521,EIF1AX.R13H
1522,EIF1AX.R13L
1523,EIF1AX.R13P
1524,EIF1AX.X113_splice
1525,EIF1AX.X6_splice
1526,EP300.C1164S
1527,EP300.C1164Y
1528,EP300.D1399E
1529,EP300.D1399N
1530,EP300.H1451Q
1531,EP300.L415P
1532,EP300.Q1455H
1533,EP300.W1466.
1534,EP300.W1466C
1535,EP300.W1466G
1536,EP300.W1466R
1537,EP300.X1539_splice
1538,EP300.Y1414C
1539,EP300.Y1467D
1540,EP300.Y1467H
1541,EP300.Y1467K
1542,EP300.Y1467N
1543,EPHA3.R136.
1544,EPHA7.G656E
1545,EPHA7.G656R
1546,EPHB1.R743Q
1547,EPHB1.R743W
1548,ERBB2.A293P
1549,ERBB2.A293T
1550,ERBB2.D277H
1551,ERBB2.D277V
1552,ERBB2.D277Y
1553,ERBB2.D769H
1554,ERBB2.D769Y
1555,ERBB2.G660D
1556,ERBB2.G776V
1557,ERBB2.G778_P780dup
1558,ERBB2.I767M
1559,ERBB2.L755A
1560,ERBB2.L755P
1561,ERBB2.L755S
1562,ERBB2.L869R
1563,ERBB2.R103Q
1564,ERBB2.R678Q
1565,ERBB2.R678W
1566,ERBB2.S310F
1567,ERBB2.S310Y
1568,ERBB2.T733I
1569,ERBB2.T862A
1570,ERBB2.V659E
1571,ERBB2.V697L
1572,ERBB2.V777L
1573,ERBB2.V777M
1574,ERBB2.V842I
1575,ERBB2.Y772_A775dup
1576,ERBB3.A232V
1577,ERBB3.D297A
1578,ERBB3.D297H
1579,ERBB3.D297Y
1580,ERBB3.E332K
1581,ERBB3.E928G
1582,ERBB3.F219C
1583,ERBB3.F219L
1584,ERBB3.G284R
1585,ERBB3.K329E
1586,ERBB3.K329T
1587,ERBB3.M91I
1588,ERBB3.N126K
1589,ERBB3.R103G
1590,ERBB3.R475W
1591,ERBB3.S846I
1592,ERBB3.T355I
1593,ERBB3.V104L
1594,ERBB3.V104M
1595,ERBB4.F1102C
1596,ERBB4.K1223R
1597,ERBB4.K1223T
1598,ERBB4.L798R
1599,ERCC2.D609E
1600,ERCC2.E606Q
1601,ERCC2.N238S
1602,ERCC2.P463L
1603,ERCC2.P463Q
1604,ERCC2.S246F
1605,ERCC2.S246Y
1606,ERCC2.T484A
1607,ERCC2.T484M
1608,ERCC2.Y24C
1609,ERCC2.Y72C
1610,ERRFI1.K409N
1611,ESR1.D538G
1612,ESR1.E380Q
1613,ESR1.L536H
1614,ESR1.L536P
1615,ESR1.L536Q
1616,ESR1.L536R
1617,ESR1.V422del
1618,ESR1.Y537C
1619,ESR1.Y537D
1620,ESR1.Y537N
1621,ESR1.Y537S
1622,ETV6.R369W
1623,ETV6.X11_splice
1624,FAT1.R1627.
1625,FAT1.R1627Q
1626,FBXW7.D520G
1627,FBXW7.D520N
1628,FBXW7.D520V
1629,FBXW7.D520Y
1630,FBXW7.E287D
1631,FBXW7.E287Q
1632,FBXW7.G423.
1633,FBXW7.G423V
1634,FBXW7.G437V
1635,FBXW7.R14Q
1636,FBXW7.R224.
1637,FBXW7.R224Q
1638,FBXW7.R278.
1639,FBXW7.R367.
1640,FBXW7.R393.
1641,FBXW7.R441Q
1642,FBXW7.R441W
1643,FBXW7.R465C
1644,FBXW7.R465H
1645,FBXW7.R465S
1646,FBXW7.R479.
1647,FBXW7.R479G
1648,FBXW7.R479L
1649,FBXW7.R479P
1650,FBXW7.R479Q
1651,FBXW7.R505C
1652,FBXW7.R505G
1653,FBXW7.R505H
1654,FBXW7.R505L
1655,FBXW7.R658.
1656,FBXW7.R658Q
1657,FBXW7.R689Q
1658,FBXW7.R689W
1659,FBXW7.S546L
1660,FBXW7.S582L
1661,FBXW7.S582P
1662,FBXW7.T532I
1663,FBXW7.T532P
1664,FBXW7.X195_splice
1665,FBXW7.Y545C
1666,FGFR2.C382R
1667,FGFR2.F276I
1668,FGFR2.N549H
1669,FGFR2.N549K
1670,FGFR2.N549S
1671,FGFR2.N549T
1672,FGFR2.P253R
1673,FGFR2.R203C
1674,FGFR2.R203H
1675,FGFR2.S252L
1676,FGFR2.S252W
1677,FGFR2.Y375C
1678,FGFR3.G370C
1679,FGFR3.G380R
1680,FGFR3.K650E
1681,FGFR3.K650M
1682,FGFR3.R248C
1683,FGFR3.S249C
1684,FGFR3.S371C
1685,FGFR3.Y373C
1686,FGFR4.N535K
1687,FGFR4.V550L
1688,FGFR4.V550M
1689,FOXA1.A323_P326del
1690,FOXA1.C258_R261del
1691,FOXA1.D226G
1692,FOXA1.D249_F254del
1693,FOXA1.E255_N256del
1694,FOXA1.F254_E255del
1695,FOXA1.F254_N256delinsY
1696,FOXA1.F266C
1697,FOXA1.F266L
1698,FOXA1.F266V
1699,FOXA1.G251_F254del
1700,FOXA1.G251_G257del
1701,FOXA1.G284_G290del
1702,FOXA1.H247L
1703,FOXA1.H247R
1704,FOXA1.H247Y
1705,FOXA1.I176V
1706,FOXA1.K264_K267del
1707,FOXA1.K264dup
1708,FOXA1.K267dup
1709,FOXA1.M253K
1710,FOXA1.M253R
1711,FOXA1.M253_N256del
1712,FOXA1.M253_Y259del
1713,FOXA1.N252_C258del
1714,FOXA1.N252_G257del
1715,FOXA1.N252_S408del
1716,FOXA1.N397_F400del
1717,FOXA1.Q263_C268del
1718,FOXA1.Q263_D296delinsH
1719,FOXA1.Q263_G281del
1720,FOXA1.R219C
1721,FOXA1.R219S
1722,FOXA1.R261C
1723,FOXA1.R261G
1724,FOXA1.R261H
1725,FOXA1.R261S
1726,FOXA1.S242F
1727,FOXA1.S242Y
1728,FOXA1.S250F
1729,FOXA1.S250Y
1730,FOXA1.S250_F254del
1731,FOXA1.S250_Y259del
1732,FOXA1.S282_G283dup
1733,FOXA1.Y259C
1734,FOXA1.Y259S
1735,FOXL2.C134W
1736,FOXL2.E118K
1737,FOXO1.S205N
1738,FOXO1.S22P
1739,FOXO1.S22W
1740,FOXO1.T24I
1741,FOXO1.T24M
1742,FOXP1.R514H
1743,FOXP1.S448L
1744,FOXP1.X511_splice
1745,FUBP1.R430C
1746,FUBP1.R430H
1747,GATA2.C352.
1748,GATA2.C352R
1749,GATA3.M293K
1750,GATA3.R364G
1751,GATA3.R364S
1752,GATA3.R364T
1753,GATA3.R366.
1754,GATA3.R366Q
1755,GLI1.R380.
1756,GLI1.R380Q
1757,GNA11.Q209L
1758,GNA11.Q209P
1759,GNAQ.G48L
1760,GNAQ.Q209H
1761,GNAQ.Q209L
1762,GNAQ.Q209P
1763,GNAQ.R183.
1764,GNAQ.R183Q
1765,GNAS.Q227H
1766,GNAS.Q227K
1767,GNAS.Q227L
1768,GNAS.R160C
1769,GNAS.R160P
1770,GNAS.R201C
1771,GNAS.R201H
1772,GNAS.R201L
1773,GNAS.R201S
1774,H3F3A.G35R
1775,H3F3A.G35V
1776,H3F3A.G35W
1777,H3F3A.K28M
1778,HGF.G229D
1779,HIST1H1C.E115K
1780,HIST1H1C.K23del
1781,HIST1H3B.E106K
1782,HIST1H3B.E106Q
1783,HIST1H3B.E51K
1784,HIST1H3H.K37M
1785,HNF1A.G338A
1786,HNF1A.R114H
1787,HRAS.G12D
1788,HRAS.G12N
1789,HRAS.G12S
1790,HRAS.G12V
1791,HRAS.G13C
1792,HRAS.G13D
1793,HRAS.G13N
1794,HRAS.G13R
1795,HRAS.G13S
1796,HRAS.G13V
1797,HRAS.K117N
1798,HRAS.Q61K
1799,HRAS.Q61L
1800,HRAS.Q61R
1801,IDH1.R132C
1802,IDH1.R132G
1803,IDH1.R132H
1804,IDH1.R132I
1805,IDH1.R132L
1806,IDH1.R132S
1807,IDH2.R140W
1808,IDH2.R172G
1809,IDH2.R172K
1810,IDH2.R172M
1811,IDH2.R172S
1812,IDH2.R172T
1813,IDH2.R172W
1814,IKZF1.E304K
1815,IL7R.I241F
1816,IL7R.I241M
1817,IL7R.I241V
1818,IL7R.K395N
1819,IL7R.K395R
1820,IL7R.R206.
1821,IRF4.C99R
1822,IRF4.Y428.
1823,JAK1.L910P
1824,JAK1.L910S
1825,JUN.E112Q
1826,KDM6A.G526E
1827,KDM6A.G526V
1828,KDM6A.Q1003.
1829,KDM6A.Q1003P
1830,KDM6A.Q555.
1831,KDM6A.X1246_splice
1832,KDM6A.X1293_splice
1833,KDM6A.X129_splice
1834,KDM6A.X1336_splice
1835,KDM6A.X76_splice
1836,KDR.R1032.
1837,KDR.R1032Q
1838,KDR.S1037L
1839,KEAP1.G333C
1840,KEAP1.G333F
1841,KEAP1.G417V
1842,KEAP1.G480V
1843,KEAP1.G480W
1844,KEAP1.M110I
1845,KEAP1.M110V
1846,KEAP1.R260.
1847,KEAP1.R260L
1848,KEAP1.R260Q
1849,KEAP1.R272C
1850,KEAP1.R272H
1851,KEAP1.R272L
1852,KEAP1.R272P
1853,KEAP1.R320L
1854,KEAP1.R320Q
1855,KEAP1.R470C
1856,KEAP1.R601L
1857,KEAP1.R601W
1858,KEAP1.V155F
1859,KIT.A502_Y503dup
1860,KIT.D579del
1861,KIT.D816A
1862,KIT.D816H
1863,KIT.D816V
1864,KIT.D820A
1865,KIT.D820E
1866,KIT.D820G
1867,KIT.D820V
1868,KIT.D820Y
1869,KIT.K550_P551del
1870,KIT.K558_V560del
1871,KIT.K558_V560delinsN
1872,KIT.K642E
1873,KIT.K642Q
1874,KIT.L576P
1875,KIT.L576_H580dup
1876,KIT.L576del
1877,KIT.M552_E554delinsI
1878,KIT.M552_V555del
1879,KIT.M552_V555delinsI
1880,KIT.M552_W557del
1881,KIT.M552_Y570del
1882,KIT.N566_P573del
1883,KIT.N822K
1884,KIT.N822Y
1885,KIT.P551_M552delinsL
1886,KIT.P551_V555del
1887,KIT.P551_Y553delinsH
1888,KIT.Q556_D572del
1889,KIT.Q556_V560delinsH
1890,KIT.Q575del
1891,KIT.R888Q
1892,KIT.R888W
1893,KIT.T574_H580dup
1894,KIT.V559A
1895,KIT.V559D
1896,KIT.V559G
1897,KIT.V559_E561del
1898,KIT.V559_G565del
1899,KIT.V559_N566delinsD
1900,KIT.V559_P573del
1901,KIT.V560D
1902,KIT.V560del
1903,KIT.V654A
1904,KIT.W557G
1905,KIT.W557R
1906,KIT.W557S
1907,KIT.W557_E561del
1908,KIT.W557_K558del
1909,KIT.W557_V559delinsF
1910,KIT.Y553_E554del
1911,KIT.Y570_L576del
1912,KIT.Y578_D579insEQQLPY
1913,KIT.Y823C
1914,KIT.Y823D
1915,KLF4.K409Q
1916,KRAS.A146P
1917,KRAS.A146T
1918,KRAS.A146V
1919,KRAS.A59T
1920,KRAS.D33E
1921,KRAS.G12A
1922,KRAS.G12C
1923,KRAS.G12D
1924,KRAS.G12F
1925,KRAS.G12I
1926,KRAS.G12L
1927,KRAS.G12R
1928,KRAS.G12S
1929,KRAS.G12V
1930,KRAS.G13C
1931,KRAS.G13D
1932,KRAS.G13E
1933,KRAS.G13R
1934,KRAS.G13V
1935,KRAS.G60D
1936,KRAS.G60S
1937,KRAS.G60V
1938,KRAS.K117N
1939,KRAS.K117R
1940,KRAS.K5E
1941,KRAS.L19F
1942,KRAS.Q22H
1943,KRAS.Q22K
1944,KRAS.Q61A
1945,KRAS.Q61H
1946,KRAS.Q61K
1947,KRAS.Q61L
1948,KRAS.Q61P
1949,KRAS.Q61R
1950,MAP2K1.C121S
1951,MAP2K1.E102_I103del
1952,MAP2K1.E203K
1953,MAP2K1.F53C
1954,MAP2K1.F53L
1955,MAP2K1.F53V
1956,MAP2K1.G128D
1957,MAP2K1.G128V
1958,MAP2K1.I103_K104del
1959,MAP2K1.I99_K104del
1960,MAP2K1.K57E
1961,MAP2K1.K57N
1962,MAP2K1.K57T
1963,MAP2K1.N122D
1964,MAP2K1.P105_A106del
1965,MAP2K1.P105_I107delinsL
1966,MAP2K1.P124L
1967,MAP2K1.P124M
1968,MAP2K1.P124R
1969,MAP2K1.P124S
1970,MAP2K1.Q56P
1971,MAP2K1.Y130C
1972,MAP2K1.Y130H
1973,MAP2K1.Y130N
1974,MAP2K2.F57L
1975,MAP2K4.R110.
1976,MAP2K4.R110L
1977,MAP2K4.R134L
1978,MAP2K4.R134W
1979,MAP2K4.S184L
1980,MAP2K4.S184W
1981,MAP2K4.X297_splice
1982,MAP2K4.X347_splice
1983,MAP3K1.L380S
1984,MAP3K1.S1330L
1985,MAP3K1.S1330W
1986,MAP3K13.X502_splice
1987,MAPK1.E322A
1988,MAPK1.E322K
1989,MAX.H28R
1990,MAX.R60Q
1991,MAX.R60W
1992,MDC1.I1020_R1028del
1993,MDC1.K1025del
1994,MED12.G44A
1995,MED12.G44C
1996,MED12.G44D
1997,MED12.G44S
1998,MED12.G44V
1999,MED12.K42_N46del
2000,MED12.L1224F
2001,MED12.L1224V
2002,MED12.N46_S52del
2003,MED12.P49_E55del
2004,MED12.V41_S52del
2005,MEF2B.K4E
2006,MET.D1010H
2007,MET.D1010N
2008,MET.D1010Y
2009,MET.H1094Y
2010,MET.M1250T
2011,MET.V1070A
2012,MET.X1010_splice
2013,MET.Y1003C
2014,MET.Y1230C
2015,MET.Y1230H
2016,MET.Y1230S
2017,MGA.R1242.
2018,MSH2.E580.
2019,MTOR.A1459D
2020,MTOR.A1459V
2021,MTOR.A1459_D1468del
2022,MTOR.A1971P
2023,MTOR.A1971T
2024,MTOR.C1483R
2025,MTOR.C1483Y
2026,MTOR.E1455_D1458dup
2027,MTOR.E1799K
2028,MTOR.F1888I
2029,MTOR.I2500F
2030,MTOR.I2500M
2031,MTOR.I2500N
2032,MTOR.L1460P
2033,MTOR.L2427Q
2034,MTOR.L2427R
2035,MTOR.M2327I
2036,MTOR.M2327V
2037,MTOR.S2215F
2038,MTOR.S2215Y
2039,MTOR.T1977I
2040,MTOR.T1977K
2041,MTOR.V2006F
2042,MTOR.W1456_L1460delinsC
2043,MTOR.Y1450_W1456del
2044,MYC.P74L
2045,MYC.P74Q
2046,MYC.P74R
2047,MYC.P74S
2048,MYC.P74T
2049,MYC.S161L
2050,MYC.S298del
2051,MYC.T73I
2052,MYC.V7M
2053,MYCN.P44F
2054,MYCN.P44L
2055,MYD88.L265P
2056,MYD88.S243N
2057,MYOD1.L122R
2058,NCOA3.R80C
2059,NCOA3.R80H
2060,NF1.R1241.
2061,NF1.R1870Q
2062,NF1.R1870W
2063,NF1.R2450.
2064,NF1.R440.
2065,NF1.R440Q
2066,NF1.R461.
2067,NFE2L2.D21_I22delinsE
2068,NFE2L2.D27del
2069,NFE2L2.D29H
2070,NFE2L2.D29Y
2071,NFE2L2.D77G
2072,NFE2L2.D77H
2073,NFE2L2.D77V
2074,NFE2L2.D77Y
2075,NFE2L2.E79K
2076,NFE2L2.E79Q
2077,NFE2L2.E79del
2078,NFE2L2.E82D
2079,NFE2L2.E82G
2080,NFE2L2.E82Q
2081,NFE2L2.G31A
2082,NFE2L2.G31E
2083,NFE2L2.G31R
2084,NFE2L2.G31del
2085,NFE2L2.G81D
2086,NFE2L2.G81R
2087,NFE2L2.G81S
2088,NFE2L2.I22_D29del
2089,NFE2L2.I28T
2090,NFE2L2.L30F
2091,NFE2L2.L74_Q87del
2092,NFE2L2.L76_E82del
2093,NFE2L2.Q26K
2094,NFE2L2.Q73_T80del
2095,NFE2L2.R34.
2096,NFE2L2.R34G
2097,NFE2L2.R34L
2098,NFE2L2.R34P
2099,NFE2L2.R34Q
2100,NFE2L2.S33_R34del
2101,NFE2L2.T80A
2102,NFE2L2.T80R
2103,NFE2L2.W24C
2104,NFE2L2.W24R
2105,NFE2L2.W24S
2106,NOTCH1.C359del
2107,NOTCH1.C440F
2108,NOTCH1.C440W
2109,NOTCH1.D338del
2110,NOTCH1.E455K
2111,NOTCH1.F357del
2112,NOTCH1.G310R
2113,NOTCH1.I471T
2114,NOTCH1.R365C
2115,NOTCH1.S356del
2116,NOTCH2.R2400.
2117,NRAS.G12A
2118,NRAS.G12C
2119,NRAS.G12D
2120,NRAS.G12R
2121,NRAS.G12S
2122,NRAS.G12V
2123,NRAS.G13C
2124,NRAS.G13D
2125,NRAS.G13F
2126,NRAS.G13R
2127,NRAS.G13S
2128,NRAS.G60E
2129,NRAS.G60V
2130,NRAS.Q61H
2131,NRAS.Q61K
2132,NRAS.Q61L
2133,NRAS.Q61P
2134,NRAS.Q61R
2135,NUP93.E14K
2136,NUP93.Q15.
2137,NUP93.Q15K
2138,PAK7.M173I
2139,PAX5.V26G
2140,PBRM1.R710.
2141,PBRM1.R921.
2142,PBRM1.X856_splice
2143,PDGFRA.C235Y
2144,PDGFRA.D842I
2145,PDGFRA.D842V
2146,PDGFRA.E229K
2147,PDGFRA.N659K
2148,PDGFRA.N659S
2149,PDGFRA.N659Y
2150,PDPK1.P499L
2151,PGR.R836Q
2152,PIK3CA.C378F
2153,PIK3CA.C420R
2154,PIK3CA.C901F
2155,PIK3CA.D350G
2156,PIK3CA.D350N
2157,PIK3CA.D350V
2158,PIK3CA.E110_K111dup
2159,PIK3CA.E110del
2160,PIK3CA.E365K
2161,PIK3CA.E39K
2162,PIK3CA.E453K
2163,PIK3CA.E453Q
2164,PIK3CA.E453_D454del
2165,PIK3CA.E453_P466del
2166,PIK3CA.E453_T462del
2167,PIK3CA.E453del
2168,PIK3CA.E542A
2169,PIK3CA.E542K
2170,PIK3CA.E542Q
2171,PIK3CA.E542V
2172,PIK3CA.E545A
2173,PIK3CA.E545D
2174,PIK3CA.E545G
2175,PIK3CA.E545K
2176,PIK3CA.E545Q
2177,PIK3CA.E726K
2178,PIK3CA.E81K
2179,PIK3CA.E970K
2180,PIK3CA.G1007D
2181,PIK3CA.G1007R
2182,PIK3CA.G1049A
2183,PIK3CA.G1049R
2184,PIK3CA.G106C
2185,PIK3CA.G106R
2186,PIK3CA.G106V
2187,PIK3CA.G106_R108del
2188,PIK3CA.G118D
2189,PIK3CA.G364A
2190,PIK3CA.G364R
2191,PIK3CA.H1047L
2192,PIK3CA.H1047Q
2193,PIK3CA.H1047R
2194,PIK3CA.H1047Y
2195,PIK3CA.H1065Y
2196,PIK3CA.H419_C420del
2197,PIK3CA.H419_L422del
2198,PIK3CA.H450_L455del
2199,PIK3CA.I102_E103delinsK
2200,PIK3CA.I112_L113del
2201,PIK3CA.K111E
2202,PIK3CA.K111N
2203,PIK3CA.K111Q
2204,PIK3CA.K111_I112del
2205,PIK3CA.K111del
2206,PIK3CA.L436_P449dup
2207,PIK3CA.L452_G460del
2208,PIK3CA.L452_P458del
2209,PIK3CA.M1004I
2210,PIK3CA.M1043I
2211,PIK3CA.M1043L
2212,PIK3CA.M1043T
2213,PIK3CA.M1043V
2214,PIK3CA.N1044K
2215,PIK3CA.N107I
2216,PIK3CA.N345D
2217,PIK3CA.N345H
2218,PIK3CA.N345I
2219,PIK3CA.N345K
2220,PIK3CA.N345T
2221,PIK3CA.N345Y
2222,PIK3CA.P104L
2223,PIK3CA.P104R
2224,PIK3CA.P104_V105del
2225,PIK3CA.P447_L455del
2226,PIK3CA.P449_L452del
2227,PIK3CA.P449_L456del
2228,PIK3CA.P471A
2229,PIK3CA.P471L
2230,PIK3CA.P539R
2231,PIK3CA.Q546H
2232,PIK3CA.Q546K
2233,PIK3CA.Q546P
2234,PIK3CA.Q546R
2235,PIK3CA.R108H
2236,PIK3CA.R108L
2237,PIK3CA.R108S
2238,PIK3CA.R108del
2239,PIK3CA.R115L
2240,PIK3CA.R115P
2241,PIK3CA.R115Q
2242,PIK3CA.R357.
2243,PIK3CA.R357L
2244,PIK3CA.R357Q
2245,PIK3CA.R38C
2246,PIK3CA.R38H
2247,PIK3CA.R88Q
2248,PIK3CA.R93L
2249,PIK3CA.R93Q
2250,PIK3CA.R93W
2251,PIK3CA.T1025A
2252,PIK3CA.T1052K
2253,PIK3CA.V344G
2254,PIK3CA.V344M
2255,PIK3CA.Y1021C
2256,PIK3CA.Y1021H
2257,PIK3CB.D1067H
2258,PIK3CB.D1067V
2259,PIK3CB.D1067Y
2260,PIK3CB.E1051G
2261,PIK3CB.E1051K
2262,PIK3CB.R321Q
2263,PIK3CD.E1021K
2264,PIK3CD.R894Q
2265,PIK3R1.D440_E451del
2266,PIK3R1.D440_K448del
2267,PIK3R1.D440del
2268,PIK3R1.D464_E468dup
2269,PIK3R1.D464_Y467del
2270,PIK3R1.D464_Y470dup
2271,PIK3R1.D560G
2272,PIK3R1.D560Y
2273,PIK3R1.D569_L581delinsE
2274,PIK3R1.D578_M582delinsE
2275,PIK3R1.E403_L404delinsV
2276,PIK3R1.E451_Y452del
2277,PIK3R1.E458_K459del
2278,PIK3R1.E458_Y463dup
2279,PIK3R1.E458del
2280,PIK3R1.E462_R465del
2281,PIK3R1.E462_Y463delinsD
2282,PIK3R1.E468_E469insGEYDRLYE
2283,PIK3R1.E558_R562del
2284,PIK3R1.F456_K459del
2285,PIK3R1.F456_Q457del
2286,PIK3R1.G376R
2287,PIK3R1.G446_L449delinsV
2288,PIK3R1.H450_E451del
2289,PIK3R1.H450_E451dup
2290,PIK3R1.H450_K459del
2291,PIK3R1.H450_Q455dup
2292,PIK3R1.I405_L420del
2293,PIK3R1.I405del
2294,PIK3R1.I442_N453del
2295,PIK3R1.I566_P568delinsT
2296,PIK3R1.I571_K575del
2297,PIK3R1.I571_L581del
2298,PIK3R1.I571_R574del
2299,PIK3R1.K379E
2300,PIK3R1.K448_N453del
2301,PIK3R1.K448_Y452del
2302,PIK3R1.K459del
2303,PIK3R1.K567E
2304,PIK3R1.K567_I571del
2305,PIK3R1.K567_L570del
2306,PIK3R1.K567del
2307,PIK3R1.K575_L581delinsM
2308,PIK3R1.K575_R577del
2309,PIK3R1.K575_R577dup
2310,PIK3R1.L380del
2311,PIK3R1.L449_H450insQ
2312,PIK3R1.L449del
2313,PIK3R1.L573_K575del
2314,PIK3R1.N378del
2315,PIK3R1.N441_T454del
2316,PIK3R1.N453_D464dup
2317,PIK3R1.N453_Q455delinsK
2318,PIK3R1.N453_Q457del
2319,PIK3R1.N453del
2320,PIK3R1.N564D
2321,PIK3R1.P568_L573del
2322,PIK3R1.Q455_S460dup
2323,PIK3R1.R348.
2324,PIK3R1.R461_E462delinsQ
2325,PIK3R1.R465dup
2326,PIK3R1.R574del
2327,PIK3R1.R577del
2328,PIK3R1.T576del
2329,PIK3R1.V401_H407del
2330,PIK3R1.V402_L413del
2331,PIK3R1.X434_splice
2332,PIK3R1.X475_splice
2333,PIK3R1.X582_splice
2334,PIK3R1.Y452_N453insF
2335,PIK3R1.Y452_Q457del
2336,PIK3R1.Y452dup
2337,PIK3R1.Y463_E468dup
2338,PIK3R2.D557G
2339,PIK3R2.D557H
2340,PIK3R2.D557N
2341,PIK3R2.D557Y
2342,PIK3R2.G373R
2343,PIM1.E79D
2344,PIM1.G28A
2345,PIM1.G28D
2346,PIM1.K24N
2347,PIM1.L2F
2348,PIM1.S97N
2349,PIM1.S97R
2350,POLE.E18K
2351,POLE.P286R
2352,POLE.P286T
2353,POLE.V411L
2354,PPM1D.E525.
2355,PPP2R1A.P179R
2356,PPP2R1A.R182W
2357,PPP2R1A.R183Q
2358,PPP2R1A.R183W
2359,PPP2R1A.S256F
2360,PPP2R1A.S256Y
2361,PPP6C.R264C
2362,PPP6C.S270L
2363,PTEN.A126D
2364,PTEN.A126S
2365,PTEN.A126V
2366,PTEN.C105.
2367,PTEN.C105S
2368,PTEN.C124S
2369,PTEN.C124Y
2370,PTEN.C136R
2371,PTEN.C71F
2372,PTEN.C71Y
2373,PTEN.D24E
2374,PTEN.D24G
2375,PTEN.D24H
2376,PTEN.D24V
2377,PTEN.D92E
2378,PTEN.D92G
2379,PTEN.D92H
2380,PTEN.D92N
2381,PTEN.D92V
2382,PTEN.D92Y
2383,PTEN.G127E
2384,PTEN.G127R
2385,PTEN.G127V
2386,PTEN.G129E
2387,PTEN.G129R
2388,PTEN.G132A
2389,PTEN.G132D
2390,PTEN.G132S
2391,PTEN.G132V
2392,PTEN.G165.
2393,PTEN.G165E
2394,PTEN.G165R
2395,PTEN.G251V
2396,PTEN.H61N
2397,PTEN.H61R
2398,PTEN.H93R
2399,PTEN.H93Y
2400,PTEN.I101T
2401,PTEN.I67T
2402,PTEN.I67V
2403,PTEN.L140F
2404,PTEN.L146.
2405,PTEN.L247.
2406,PTEN.L320.
2407,PTEN.L320S
2408,PTEN.M35I
2409,PTEN.M35L
2410,PTEN.M35V
2411,PTEN.P38F
2412,PTEN.P38L
2413,PTEN.P38S
2414,PTEN.Q171.
2415,PTEN.Q171R
2416,PTEN.R130.
2417,PTEN.R130G
2418,PTEN.R130P
2419,PTEN.R130Q
2420,PTEN.R130S
2421,PTEN.R173C
2422,PTEN.R173H
2423,PTEN.R173P
2424,PTEN.R233.
2425,PTEN.R335.
2426,PTEN.S170I
2427,PTEN.S170N
2428,PTEN.T277.
2429,PTEN.T277N
2430,PTEN.W111.
2431,PTEN.W111G
2432,PTEN.W111R
2433,PTEN.W111S
2434,PTEN.W274.
2435,PTEN.X212_splice
2436,PTEN.X267_splice
2437,PTEN.X268_splice
2438,PTEN.X342_splice
2439,PTEN.X343_splice
2440,PTEN.X70_splice
2441,PTEN.X85_splice
2442,PTEN.Y155C
2443,PTEN.Y155H
2444,PTEN.Y16.
2445,PTEN.Y16D
2446,PTEN.Y174.
2447,PTEN.Y174D
2448,PTEN.Y174H
2449,PTEN.Y177.
2450,PTEN.Y177D
2451,PTEN.Y178.
2452,PTEN.Y178H
2453,PTEN.Y27.
2454,PTEN.Y27C
2455,PTEN.Y27H
2456,PTEN.Y27N
2457,PTEN.Y336.
2458,PTEN.Y346.
2459,PTEN.Y346C
2460,PTEN.Y346D
2461,PTEN.Y65.
2462,PTEN.Y68.
2463,PTEN.Y68C
2464,PTEN.Y68H
2465,PTPN11.A461T
2466,PTPN11.A72G
2467,PTPN11.A72S
2468,PTPN11.A72T
2469,PTPN11.A72V
2470,PTPN11.D61Y
2471,PTPN11.E69D
2472,PTPN11.E69K
2473,PTPN11.E76G
2474,PTPN11.E76K
2475,PTPN11.E76Q
2476,PTPN11.F285S
2477,PTPN11.G503V
2478,PTPN11.N308D
2479,PTPN11.Q510L
2480,PTPN11.T468M
2481,PTPN11.T507K
2482,PTPRD.S431L
2483,PTPRS.R1492Q
2484,PTPRS.R1492W
2485,PTPRT.E548K
2486,PTPRT.L695F
2487,PTPRT.R364.
2488,PTPRT.R364Q
2489,RAC1.C18S
2490,RAC1.C18Y
2491,RAC1.G12R
2492,RAC1.G12V
2493,RAC1.P29F
2494,RAC1.P29L
2495,RAC1.P29S
2496,RAC1.P29T
2497,RAC1.P34R
2498,RAC1.Q61K
2499,RAC1.Q61R
2500,RAD51C.P21A
2501,RAD51C.P21S
2502,RAD52.R396H
2503,RAF1.S257L
2504,RAF1.S259C
2505,RAF1.S259F
2506,RAF1.S259P
2507,RB1.R251.
2508,RB1.R251Q
2509,RB1.R320.
2510,RB1.R445.
2511,RB1.R455.
2512,RB1.R467.
2513,RB1.R552.
2514,RB1.R579.
2515,RB1.R787.
2516,RB1.X127_splice
2517,RB1.X203_splice
2518,RB1.X405_splice
2519,RB1.X406_splice
2520,RB1.X445_splice
2521,RB1.X463_splice
2522,RB1.X46_splice
2523,RB1.X474_splice
2524,RB1.X500_splice
2525,RB1.X605_splice
2526,RB1.X654_splice
2527,RB1.X702_splice
2528,RB1.X776_splice
2529,RB1.X830_splice
2530,RB1.X89_splice
2531,RB1.Y606.
2532,RB1.Y606C
2533,RET.M918T
2534,RHEB.Y35C
2535,RHEB.Y35S
2536,RHOA.A161T
2537,RHOA.A161V
2538,RHOA.E40K
2539,RHOA.E40Q
2540,RHOA.E40V
2541,RHOA.E47K
2542,RHOA.G17A
2543,RHOA.G17E
2544,RHOA.G17V
2545,RHOA.G62E
2546,RHOA.G62R
2547,RHOA.G62V
2548,RHOA.L22R
2549,RHOA.L57V
2550,RHOA.L69P
2551,RHOA.L69R
2552,RHOA.R5Q
2553,RHOA.R5W
2554,RHOA.T37A
2555,RHOA.T37I
2556,RHOA.Y34C
2557,RHOA.Y34F
2558,RHOA.Y42C
2559,RHOA.Y42S
2560,RICTOR.S1101L
2561,RIT1.A77T
2562,RIT1.F82C
2563,RIT1.F82L
2564,RIT1.M90I
2565,RNF43.R132.
2566,RNF43.R145.
2567,RNF43.R371.
2568,RPS6KA4.R629C
2569,RPS6KA4.R629H
2570,RPS6KA4.S236L
2571,RPTOR.R139H
2572,SDHA.L639V
2573,SDHAF2.S10.
2574,SDHAF2.S10L
2575,SETD2.H1603Y
2576,SETD2.R1625C
2577,SETD2.R1625H
2578,SETD2.X1572_splice
2579,SETD2.Y1666C
2580,SF3B1.D894Y
2581,SF3B1.E902K
2582,SF3B1.E902Q
2583,SF3B1.G740E
2584,SF3B1.G742D
2585,SF3B1.K666M
2586,SF3B1.K666N
2587,SF3B1.K666T
2588,SF3B1.K700E
2589,SF3B1.K741.
2590,SF3B1.K741E
2591,SF3B1.K741N
2592,SF3B1.N626D
2593,SF3B1.R625C
2594,SF3B1.R625H
2595,SF3B1.R625L
2596,SF3B1.V701F
2597,SF3B1.Y623C
2598,SF3B1.Y623H
2599,SMAD2.C463.
2600,SMAD2.C463F
2601,SMAD2.P305L
2602,SMAD2.P305T
2603,SMAD2.R182.
2604,SMAD2.R321Q
2605,SMAD2.S464.
2606,SMAD2.T303R
2607,SMAD3.R268C
2608,SMAD3.R268H
2609,SMAD3.R287Q
2610,SMAD3.R287W
2611,SMAD4.A118V
2612,SMAD4.C363F
2613,SMAD4.C363R
2614,SMAD4.D351H
2615,SMAD4.D351N
2616,SMAD4.D351V
2617,SMAD4.D351Y
2618,SMAD4.D355G
2619,SMAD4.D493G
2620,SMAD4.D493H
2621,SMAD4.D537A
2622,SMAD4.D537E
2623,SMAD4.D537G
2624,SMAD4.D537H
2625,SMAD4.D537V
2626,SMAD4.D537Y
2627,SMAD4.D537_E538dup
2628,SMAD4.E330G
2629,SMAD4.E330K
2630,SMAD4.E330Q
2631,SMAD4.E526.
2632,SMAD4.E526D
2633,SMAD4.E526K
2634,SMAD4.E526Q
2635,SMAD4.G352A
2636,SMAD4.G352E
2637,SMAD4.G352R
2638,SMAD4.G352V
2639,SMAD4.G365_E377del
2640,SMAD4.G386D
2641,SMAD4.G386R
2642,SMAD4.G386S
2643,SMAD4.G386V
2644,SMAD4.G419R
2645,SMAD4.G419V
2646,SMAD4.G419W
2647,SMAD4.G510.
2648,SMAD4.G510A
2649,SMAD4.G510E
2650,SMAD4.G510R
2651,SMAD4.L536P
2652,SMAD4.L536R
2653,SMAD4.L536_E538delinsQ
2654,SMAD4.L540del
2655,SMAD4.P356H
2656,SMAD4.P356L
2657,SMAD4.P356R
2658,SMAD4.P356S
2659,SMAD4.Q534.
2660,SMAD4.Q534P
2661,SMAD4.R361C
2662,SMAD4.R361H
2663,SMAD4.R361L
2664,SMAD4.R361S
2665,SMAD4.R361_G365del
2666,SMAD4.R445.
2667,SMAD4.S178.
2668,SMAD4.S357_G365del
2669,SMAD4.V539_A546del
2670,SMAD4.W524C
2671,SMAD4.Y353C
2672,SMAD4.Y353D
2673,SMAD4.Y353N
2674,SMAD4.Y95.
2675,SMAD4.Y95C
2676,SMAD4.Y95H
2677,SMARCA4.E821K
2678,SMARCA4.G1232D
2679,SMARCA4.G1232S
2680,SMARCA4.G1232V
2681,SMARCA4.K546del
2682,SMARCA4.M781I
2683,SMARCA4.M781L
2684,SMARCA4.M781V
2685,SMARCA4.R1135Q
2686,SMARCA4.R1135W
2687,SMARCA4.R1157Q
2688,SMARCA4.R1157W
2689,SMARCA4.R1189.
2690,SMARCA4.R1189G
2691,SMARCA4.R1189L
2692,SMARCA4.R1189Q
2693,SMARCA4.R1192C
2694,SMARCA4.R1192H
2695,SMARCA4.R1243G
2696,SMARCA4.R1243L
2697,SMARCA4.R1243P
2698,SMARCA4.R1243W
2699,SMARCA4.R973Q
2700,SMARCA4.R973W
2701,SMARCA4.T910A
2702,SMARCA4.T910M
2703,SMARCA4.T910R
2704,SMARCB1.K364del
2705,SMARCB1.R374Q
2706,SMARCB1.R374W
2707,SMARCB1.R377C
2708,SMARCB1.R377H
2709,SMARCB1.R377L
2710,SMARCD1.R183.
2711,SMARCD1.R183Q
2712,SMO.L412F
2713,SMO.V414G
2714,SMO.W535L
2715,SOCS1.A3E
2716,SOCS1.A3P
2717,SOCS1.A3R
2718,SOCS1.A3T
2719,SOX17.A96G
2720,SOX17.S403I
2721,SOX9.K167del
2722,SPOP.F102C
2723,SPOP.F102L
2724,SPOP.F102V
2725,SPOP.F125C
2726,SPOP.F125L
2727,SPOP.F125V
2728,SPOP.F133C
2729,SPOP.F133I
2730,SPOP.F133L
2731,SPOP.F133S
2732,SPOP.F133V
2733,SPOP.K129E
2734,SPOP.M117V
2735,SPOP.W131C
2736,SPOP.W131G
2737,SPOP.W131L
2738,SPOP.W131S
2739,SPOP.Y87C
2740,SPOP.Y87D
2741,SPOP.Y87N
2742,SRSF2.P95L
2743,SRSF2.P95R
2744,SRSF2.P95_H99del
2745,SRSF2.P95_R117del
2746,STAG2.R216.
2747,STAG2.R216Q
2748,STAT3.E616del
2749,STAT3.F384V
2750,STAT3.H410R
2751,STAT3.S614R
2752,STK11.D194G
2753,STK11.D194N
2754,STK11.D194V
2755,STK11.D194Y
2756,STK11.E165.
2757,STK11.E165K
2758,STK11.E165Q
2759,STK11.E223.
2760,STK11.E223K
2761,STK11.E223V
2762,STK11.G196R
2763,STK11.G196V
2764,STK11.G242R
2765,STK11.G242V
2766,STK11.G242W
2767,STK11.G251C
2768,STK11.G251V
2769,STK11.H174D
2770,STK11.H174L
2771,STK11.H174R
2772,STK11.K84.
2773,STK11.N181S
2774,STK11.N181T
2775,STK11.P179L
2776,STK11.P179Q
2777,STK11.P179R
2778,STK11.P221L
2779,STK11.Q220.
2780,STK11.Q220P
2781,STK11.S216F
2782,STK11.W239.
2783,STK11.W239C
2784,STK11.W239S
2785,STK11.W308.
2786,STK11.W308C
2787,STK11.W308L
2788,STK11.X125_splice
2789,STK11.X155_splice
2790,STK11.X199_splice
2791,STK11.X200_splice
2792,STK11.X245_splice
2793,STK11.X288_splice
2794,STK11.X307_splice
2795,STK11.X97_splice
2796,TBX3.W113.
2797,TCEB1.Y79C
2798,TET1.P1752S
2799,TET2.R550.
2800,TGFBR1.R487Q
2801,TGFBR1.R487W
2802,TGFBR1.S241L
2803,TGFBR1.T375I
2804,TGFBR1.T375K
2805,TGFBR1.T375R
2806,TNFRSF14.C111W
2807,TNFRSF14.C111Y
2808,TP53.A159P
2809,TP53.A159V
2810,TP53.A159del
2811,TP53.A161D
2812,TP53.A161S
2813,TP53.A161T
2814,TP53.A276_C277dup
2815,TP53.A276_E285del
2816,TP53.C135.
2817,TP53.C135F
2818,TP53.C135G
2819,TP53.C135R
2820,TP53.C135S
2821,TP53.C135W
2822,TP53.C135Y
2823,TP53.C135_L137delinsW
2824,TP53.C141.
2825,TP53.C141G
2826,TP53.C141R
2827,TP53.C141W
2828,TP53.C141Y
2829,TP53.C141_P142del
2830,TP53.C176.
2831,TP53.C176F
2832,TP53.C176G
2833,TP53.C176R
2834,TP53.C176S
2835,TP53.C176W
2836,TP53.C176Y
2837,TP53.C229_H233del
2838,TP53.C229_T230del
2839,TP53.C238F
2840,TP53.C238G
2841,TP53.C238R
2842,TP53.C238S
2843,TP53.C238W
2844,TP53.C238Y
2845,TP53.C238_S240del
2846,TP53.C242F
2847,TP53.C242G
2848,TP53.C242R
2849,TP53.C242S
2850,TP53.C242W
2851,TP53.C242Y
2852,TP53.C275.
2853,TP53.C275F
2854,TP53.C275G
2855,TP53.C275R
2856,TP53.C275S
2857,TP53.C275W
2858,TP53.C275Y
2859,TP53.C277.
2860,TP53.C277F
2861,TP53.C277Y
2862,TP53.D148_T150del
2863,TP53.D208E
2864,TP53.D208N
2865,TP53.D208V
2866,TP53.D259H
2867,TP53.D259N
2868,TP53.D259V
2869,TP53.D259Y
2870,TP53.D281E
2871,TP53.D281G
2872,TP53.D281H
2873,TP53.D281N
2874,TP53.D281V
2875,TP53.D281Y
2876,TP53.D281_R282insP
2877,TP53.E198.
2878,TP53.E204_L206del
2879,TP53.E258.
2880,TP53.E258A
2881,TP53.E258D
2882,TP53.E258G
2883,TP53.E258K
2884,TP53.E258Q
2885,TP53.E258V
2886,TP53.E271.
2887,TP53.E271K
2888,TP53.E271Q
2889,TP53.E271V
2890,TP53.E285.
2891,TP53.E285K
2892,TP53.E285Q
2893,TP53.E285V
2894,TP53.E285_K292del
2895,TP53.E286.
2896,TP53.E286A
2897,TP53.E286G
2898,TP53.E286K
2899,TP53.E286Q
2900,TP53.E286V
2901,TP53.E286_E287del
2902,TP53.E294.
2903,TP53.E298.
2904,TP53.E298Q
2905,TP53.F109C
2906,TP53.F109I
2907,TP53.F109S
2908,TP53.F109V
2909,TP53.F113C
2910,TP53.F113P
2911,TP53.F113S
2912,TP53.F113V
2913,TP53.F134C
2914,TP53.F134I
2915,TP53.F134L
2916,TP53.F134V
2917,TP53.F270C
2918,TP53.F270L
2919,TP53.F270S
2920,TP53.F270V
2921,TP53.G105C
2922,TP53.G105D
2923,TP53.G105S
2924,TP53.G105V
2925,TP53.G154D
2926,TP53.G154V
2927,TP53.G154_T155del
2928,TP53.G199_E204del
2929,TP53.G244C
2930,TP53.G244D
2931,TP53.G244F
2932,TP53.G244S
2933,TP53.G244V
2934,TP53.G245C
2935,TP53.G245D
2936,TP53.G245N
2937,TP53.G245R
2938,TP53.G245S
2939,TP53.G245V
2940,TP53.G245_P250delinsA
2941,TP53.G262V
2942,TP53.G266.
2943,TP53.G266E
2944,TP53.G266K
2945,TP53.G266R
2946,TP53.G266T
2947,TP53.G266V
2948,TP53.H168P
2949,TP53.H168R
2950,TP53.H178D
2951,TP53.H178P
2952,TP53.H179D
2953,TP53.H179L
2954,TP53.H179N
2955,TP53.H179P
2956,TP53.H179Q
2957,TP53.H179R
2958,TP53.H179Y
2959,TP53.H179_D184del
2960,TP53.H179del
2961,TP53.H193D
2962,TP53.H193L
2963,TP53.H193N
2964,TP53.H193P
2965,TP53.H193Q
2966,TP53.H193R
2967,TP53.H193Y
2968,TP53.H214L
2969,TP53.H214P
2970,TP53.H214Q
2971,TP53.H214R
2972,TP53.I195F
2973,TP53.I195K
2974,TP53.I195N
2975,TP53.I195S
2976,TP53.I195T
2977,TP53.I232F
2978,TP53.I232N
2979,TP53.I232S
2980,TP53.I251F
2981,TP53.I251M
2982,TP53.I251N
2983,TP53.I251S
2984,TP53.I254F
2985,TP53.I254L
2986,TP53.I254M
2987,TP53.I254N
2988,TP53.I254S
2989,TP53.I255F
2990,TP53.I255N
2991,TP53.I255S
2992,TP53.I255T
2993,TP53.I255del
2994,TP53.I255dup
2995,TP53.K120.
2996,TP53.K120E
2997,TP53.K120N
2998,TP53.K132.
2999,TP53.K132E
3000,TP53.K132M
3001,TP53.K132N
3002,TP53.K132Q
3003,TP53.K132R
3004,TP53.K164.
3005,TP53.K164E
3006,TP53.L111M
3007,TP53.L111P
3008,TP53.L111Q
3009,TP53.L111R
3010,TP53.L130F
3011,TP53.L130H
3012,TP53.L130P
3013,TP53.L130R
3014,TP53.L130V
3015,TP53.L130_A138dup
3016,TP53.L130del
3017,TP53.L194F
3018,TP53.L194P
3019,TP53.L194R
3020,TP53.L252del
3021,TP53.L252dup
3022,TP53.L257P
3023,TP53.L257Q
3024,TP53.L257R
3025,TP53.L257V
3026,TP53.L264_N268del
3027,TP53.L265P
3028,TP53.L265R
3029,TP53.L265del
3030,TP53.M133I
3031,TP53.M133K
3032,TP53.M133R
3033,TP53.M133T
3034,TP53.M237I
3035,TP53.M237K
3036,TP53.M243_I255del
3037,TP53.M246I
3038,TP53.M246K
3039,TP53.M246L
3040,TP53.M246T
3041,TP53.M246V
3042,TP53.N131I
3043,TP53.N131K
3044,TP53.N131S
3045,TP53.N131del
3046,TP53.N235_Y236dup
3047,TP53.N235del
3048,TP53.N239D
3049,TP53.N239H
3050,TP53.N239K
3051,TP53.N239S
3052,TP53.N239_S240del
3053,TP53.N239dup
3054,TP53.N247I
3055,TP53.N263_N268del
3056,TP53.P142dup
3057,TP53.P151A
3058,TP53.P151F
3059,TP53.P151H
3060,TP53.P151R
3061,TP53.P151S
3062,TP53.P151T
3063,TP53.P152K
3064,TP53.P152L
3065,TP53.P152R
3066,TP53.P152S
3067,TP53.P152T
3068,TP53.P153_G154del
3069,TP53.P153del
3070,TP53.P177_C182del
3071,TP53.P190L
3072,TP53.P190S
3073,TP53.P190T
3074,TP53.P191_L201del
3075,TP53.P191del
3076,TP53.P250L
3077,TP53.P250_L252del
3078,TP53.P278A
3079,TP53.P278F
3080,TP53.P278H
3081,TP53.P278L
3082,TP53.P278R
3083,TP53.P278S
3084,TP53.P278T
3085,TP53.Q104.
3086,TP53.Q136.
3087,TP53.Q136E
3088,TP53.Q136P
3089,TP53.Q144.
3090,TP53.Q144L
3091,TP53.Q144P
3092,TP53.Q165.
3093,TP53.Q165H
3094,TP53.Q167.
3095,TP53.Q192.
3096,TP53.Q192L
3097,TP53.Q317.
3098,TP53.Q331.
3099,TP53.Q331H
3100,TP53.R110C
3101,TP53.R110H
3102,TP53.R110L
3103,TP53.R110P
3104,TP53.R158C
3105,TP53.R158F
3106,TP53.R158G
3107,TP53.R158H
3108,TP53.R158L
3109,TP53.R158P
3110,TP53.R158_A159del
3111,TP53.R158_A159dup
3112,TP53.R175C
3113,TP53.R175G
3114,TP53.R175H
3115,TP53.R175L
3116,TP53.R181C
3117,TP53.R181H
3118,TP53.R181P
3119,TP53.R196.
3120,TP53.R196L
3121,TP53.R196P
3122,TP53.R196Q
3123,TP53.R213.
3124,TP53.R213G
3125,TP53.R213L
3126,TP53.R213Q
3127,TP53.R248G
3128,TP53.R248L
3129,TP53.R248P
3130,TP53.R248Q
3131,TP53.R248W
3132,TP53.R249G
3133,TP53.R249I
3134,TP53.R249K
3135,TP53.R249M
3136,TP53.R249S
3137,TP53.R249T
3138,TP53.R249W
3139,TP53.R267G
3140,TP53.R267L
3141,TP53.R267P
3142,TP53.R267Q
3143,TP53.R267W
3144,TP53.R273C
3145,TP53.R273G
3146,TP53.R273H
3147,TP53.R273L
3148,TP53.R273P
3149,TP53.R273S
3150,TP53.R280.
3151,TP53.R280G
3152,TP53.R280I
3153,TP53.R280K
3154,TP53.R280S
3155,TP53.R280T
3156,TP53.R282G
3157,TP53.R282L
3158,TP53.R282P
3159,TP53.R282Q
3160,TP53.R282W
3161,TP53.R306.
3162,TP53.R306Q
3163,TP53.R337C
3164,TP53.R337G
3165,TP53.R337L
3166,TP53.R337P
3167,TP53.R337S
3168,TP53.R342.
3169,TP53.R342P
3170,TP53.S127F
3171,TP53.S127P
3172,TP53.S127Y
3173,TP53.S183_G187delinsC
3174,TP53.S215C
3175,TP53.S215G
3176,TP53.S215I
3177,TP53.S215N
3178,TP53.S215R
3179,TP53.S215T
3180,TP53.S240_S241del
3181,TP53.S241C
3182,TP53.S241F
3183,TP53.S241P
3184,TP53.S241T
3185,TP53.S241Y
3186,TP53.S241dup
3187,TP53.S269_E271del
3188,TP53.T125A
3189,TP53.T125K
3190,TP53.T125M
3191,TP53.T125P
3192,TP53.T125R
3193,TP53.T155I
3194,TP53.T155N
3195,TP53.T155P
3196,TP53.T231_I232del
3197,TP53.T231_I232insTDCTT
3198,TP53.T253_L257del
3199,TP53.T253dup
3200,TP53.T256_S260del
3201,TP53.V143A
3202,TP53.V143G
3203,TP53.V143M
3204,TP53.V143_P153del
3205,TP53.V157A
3206,TP53.V157F
3207,TP53.V157G
3208,TP53.V157_R158del
3209,TP53.V172D
3210,TP53.V172F
3211,TP53.V173A
3212,TP53.V173G
3213,TP53.V173L
3214,TP53.V173M
3215,TP53.V197E
3216,TP53.V197M
3217,TP53.V216E
3218,TP53.V216G
3219,TP53.V216L
3220,TP53.V216M
3221,TP53.V218G
3222,TP53.V218L
3223,TP53.V218M
3224,TP53.V272E
3225,TP53.V272G
3226,TP53.V272K
3227,TP53.V272L
3228,TP53.V272M
3229,TP53.V272_R273insL
3230,TP53.V274A
3231,TP53.V274D
3232,TP53.V274F
3233,TP53.V274G
3234,TP53.V274L
3235,TP53.V274_C275dup
3236,TP53.W146.
3237,TP53.W146C
3238,TP53.W146G
3239,TP53.W53.
3240,TP53.W91.
3241,TP53.X125_splice
3242,TP53.X126_splice
3243,TP53.X187_splice
3244,TP53.X224_splice
3245,TP53.X225_splice
3246,TP53.X261_splice
3247,TP53.X307_splice
3248,TP53.X32_splice
3249,TP53.X331_splice
3250,TP53.X332_splice
3251,TP53.X33_splice
3252,TP53.Y107.
3253,TP53.Y107D
3254,TP53.Y126.
3255,TP53.Y126C
3256,TP53.Y126D
3257,TP53.Y126H
3258,TP53.Y126S
3259,TP53.Y163.
3260,TP53.Y163C
3261,TP53.Y163D
3262,TP53.Y163H
3263,TP53.Y163N
3264,TP53.Y205C
3265,TP53.Y205F
3266,TP53.Y205H
3267,TP53.Y205S
3268,TP53.Y220.
3269,TP53.Y220C
3270,TP53.Y220D
3271,TP53.Y220H
3272,TP53.Y220N
3273,TP53.Y220S
3274,TP53.Y234.
3275,TP53.Y234C
3276,TP53.Y234D
3277,TP53.Y234H
3278,TP53.Y234N
3279,TP53.Y234S
3280,TP53.Y234_M237del
3281,TP53.Y234del
3282,TP53.Y236.
3283,TP53.Y236C
3284,TP53.Y236D
3285,TP53.Y236H
3286,TP53.Y236N
3287,TP53.Y236S
3288,TP53.Y236_M237delinsL
3289,TP63.E609K
3290,TP63.R379C
3291,TP63.R379H
3292,TP63.R379S
3293,TP63.S365.
3294,TP63.S365L
3295,TP63.X194_splice
3296,TRAF7.N520S
3297,TRAF7.R189L
3298,TRAF7.R189P
3299,TRAF7.R189W
3300,TSC1.X797_splice
3301,U2AF1.G222_G223del
3302,U2AF1.I24T
3303,U2AF1.S34F
3304,U2AF1.S34Y
3305,VHL.C162.
3306,VHL.C162R
3307,VHL.C162Y
3308,VHL.D121G
3309,VHL.D121Y
3310,VHL.E70_R79dup
3311,VHL.F76del
3312,VHL.G114A
3313,VHL.H115N
3314,VHL.I151N
3315,VHL.I151S
3316,VHL.I75_C77del
3317,VHL.L135.
3318,VHL.L158P
3319,VHL.L169P
3320,VHL.L89H
3321,VHL.L89P
3322,VHL.N78K
3323,VHL.N78S
3324,VHL.N78Y
3325,VHL.P86L
3326,VHL.P86R
3327,VHL.P86S
3328,VHL.R161.
3329,VHL.R161L
3330,VHL.R161Q
3331,VHL.R79_S80del
3332,VHL.S111N
3333,VHL.S111P
3334,VHL.S65L
3335,VHL.S65P
3336,VHL.S65T
3337,VHL.S68.
3338,VHL.S68P
3339,VHL.S80N
3340,VHL.S80R
3341,VHL.V74D
3342,VHL.W117.
3343,VHL.W117L
3344,VHL.W88.
3345,VHL.W88R
3346,VHL.X114_splice
3347,VHL.X155_splice
3348,VHL.Y112.
3349,VHL.Y112C
3350,XPO1.E571K
3351,XPO1.R749.
3352,XPO1.R749Q
3353,ABCC10.R570L
3354,ABCC10.R570Q
3355,ABCC10.R570W
3356,ACADS.R330C
3357,ACADS.R330H
3358,ACP6.V29G
3359,ACSBG2.I250M
3360,ACVR1.G328V
3361,ACVR1.R258M
3362,ACVR1B.R485.
3363,AHI1.Q294R
3364,AKT1.D323Y
3365,ALK.F1174C
3366,ALK.F1174V
3367,ALK.R1275.
3368,ALK.R1275L
3369,ALK.R395.
3370,ALK.R401L
3371,ALK.R401Q
3372,AMPD1.L631F
3373,AMPD1.L631V
3374,ANKRD11.K1012del
3375,ANKRD11.K369R
3376,ANKZF1.A650.
3377,ANKZF1.A650V
3378,APC.Q1367E
3379,APC.Q1406H
3380,APC.Q1429R
3381,APC.R876Q
3382,AR.L702.
3383,AR.T878S
3384,ARAF.S214.
3385,ARAF.S214C
3386,ARHGAP28.L277P
3387,ARHGAP28.L277R
3388,ARID1A.R1276Q
3389,ARID1A.R2158..1
3390,ARID1B.G966D
3391,ARID1B.Q1179.
3392,ARID1B.Q1179P
3393,ARID1B.T1652.
3394,ARID1B.T1652A
3395,ARID1B.T1652M
3396,ARID2.R314S
3397,ARID2.S297.
3398,ARID3A.S557G
3399,ARIH1.A409E
3400,ARL16.G6R
3401,ASF1B.P21.
3402,ASF1B.P21L
3403,ASXL2.E330D
3404,ASXL2.E330Q
3405,ATM.I2888L
3406,ATM.L2890R
3407,ATM.L2890V
3408,ATM.N2875K
3409,ATM.N2875T
3410,ATM.R250P
3411,ATM.R2832S
3412,ATP6V1B2.P352.
3413,ATP6V1B2.P352S
3414,ATRX.R1426..1
3415,AXL.T443.
3416,B2M.L12.
3417,B2M.L12Q
3418,BCL10.E178.
3419,BCL10.E178D
3420,BCL10.N173H
3421,BCL2.G33.
3422,BCL2.K22..1
3423,BCL2.N172.
3424,BCL2L11.G156E
3425,BCL2L12.F17.
3426,BCL2L12.F8.
3427,BCL2L12.R18W
3428,BCL6.R618H
3429,BNC2.S575I
3430,BNC2.S575R
3431,BRAF.D594H
3432,BRAF.G469.
3433,BRAF.G469..1
3434,BRAF.G596D
3435,BRAF.G596S
3436,BRAF.G596V
3437,BRAF.K601_W604del
3438,BRAF.K601T
3439,BRAF.L485.
3440,BRAF.L485F
3441,BRAF.L485S
3442,BRAF.L597.
3443,BRAF.N581H
3444,BRAF.N581T
3445,BRAF.P490_Q494del
3446,BRAF.T488_P492del
3447,BRAF.T488_Q493delinsK
3448,BRAF.V600_R603del
3449,BRAF.V600.
3450,BRAF.V600G
3451,BRAF.V600M
3452,BRAF.X327_splice
3453,BRCA2.S2303.
3454,BRD4.P1065.
3455,BRD4.P1065R
3456,BRD7.Y455.
3457,BRINP1.G713.
3458,BTBD11.K1003M
3459,BTBD11.K1003R
3460,BTBD11.K1003T
3461,C16orf80.R100C
3462,C16orf80.R100H
3463,C3orf70.S6.
3464,C3orf70.S6L
3465,C3orf70.S6W
3466,C5orf49.K130T
3467,C6.K817R
3468,C6.K817T
3469,CANT1.K131R
3470,CARD11.D357N
3471,CARD11.E626K
3472,CARD11.E93D
3473,CARD11.E93Q
3474,CARD11.K215M
3475,CARD11.K215N
3476,CARD11.R423.
3477,CASP8.R127.
3478,CASP8.R127Q
3479,CASP8.R292Q
3480,CASP8.R292W
3481,CASP8.R491.
3482,CASP8.R491Q
3483,CASP8.R494.
3484,CASP8.X243_splice
3485,CBL.C384W
3486,CCND1.C47S
3487,CCND1.E9.
3488,CCND1.P287R
3489,CCND1.P287T
3490,CCND1.Y44.
3491,CCND1.Y44C
3492,CCND1.Y44F
3493,CCND1.Y44H
3494,CCND1.Y44S
3495,CCT8.I86T
3496,CD79B.X185_splice
3497,CD79B.Y197C
3498,CD79B.Y197D
3499,CD79B.Y197F
3500,CD79B.Y197H
3501,CD79B.Y197N
3502,CD79B.Y197R
3503,CD79B.Y197S
3504,CDH1.D254Y
3505,CDH1.D288N
3506,CDH1.D288V
3507,CDH1.R63G
3508,CDH1.R63P
3509,CDK4.K22Q
3510,CDK6.L65.
3511,CDKN1B.G72.
3512,CDKN2A.D108G
3513,CDKN2A.D108V
3514,CDKN2A.D74G
3515,CDKN2A.D74V
3516,CDKN2A.E120D
3517,CDKN2A.L130R
3518,CDKN2A.L130V
3519,CDKN2A.N39_N42del
3520,CDKN2A.N42I
3521,CDKN2A.N42K
3522,CDKN2A.P114H
3523,CDKN2A.P114T
3524,CDKN2A.P48R
3525,CDKN2A.Q50..1
3526,CDKN2A.R140C
3527,CDKN2A.R170C
3528,CDKN2A.R29_A34del
3529,CDKN2A.R80Q
3530,CDKN2A.S114R
3531,CEBPA.N307_E309delinsK
3532,CEBPA.T310_Q311insKQNP
3533,CEBPA.T310_Q311insW
3534,CEBPA.V308dup
3535,CELSR1.W1958C
3536,CEP63.S153.
3537,CEP63.S153L
3538,CEP89.S153I
3539,CHEK2.R346H
3540,CHIT1.W358.
3541,CIC.P203L
3542,CIC.P203S
3543,CIC.R1512H
3544,CIC.R1512S
3545,CIC.R201.
3546,CIC.R215.
3547,CIC.S231G
3548,CIC.S231I
3549,CIC.W238.
3550,CIZ1.L59P
3551,CLEC14A.R193.
3552,CLEC14A.R193C
3553,CLEC14A.R193H
3554,COBL.E480D
3555,CR1.R1842C
3556,CR1.R1842H
3557,CRB1.F630S
3558,CRB1.F630V
3559,CREBBP.D1435H
3560,CREBBP.D1435Y
3561,CREBBP.I1431.
3562,CREBBP.I1431V
3563,CREBBP.L1499P
3564,CREBBP.R1446G
3565,CREBBP.R1446L
3566,CREBBP.W1472C
3567,CREBBP.W1472S
3568,CREBBP.W1502.
3569,CREBBP.Y1450C
3570,CREBBP.Y1482H
3571,CREBBP.Y1503C
3572,CREBBP.Y1503D
3573,CREBBP.Y1503S
3574,CRLF2.S128.
3575,CRNKL1.S128.
3576,CRNKL1.S128F
3577,CSPG5.R365.
3578,CSPG5.R365Q
3579,CSPG5.R365W
3580,CTCF.H284N
3581,CTCF.H284P
3582,CTCF.H288D
3583,CTCF.R448.
3584,CTCF.S354Y
3585,CTNNB1.G34.
3586,CTNNB1.G34A
3587,CTNNB1.H36Y
3588,CTNNB1.I35.
3589,CTNNB1.K292T
3590,CTNNB1.L31_I35del
3591,CTNNB1.N387I
3592,CTNNB1.N387Y
3593,CTNNB1.R535.
3594,CTNNB1.R535Q
3595,CTNNB1.S33T
3596,CTNNB1.S45_P52del
3597,CTNNB1.S45.
3598,CTNNB1.T41_S47del
3599,CTNNB1.T41N
3600,CTNNB1.T42_K49del
3601,CTNNB1.W383C
3602,CTNNB1.W383G
3603,CTNNB1.W383S
3604,CUL3.A20.
3605,CYP2C8.P402L
3606,CYP2C8.P402S
3607,CYP4A11.I491T
3608,CYP7B1.K332T
3609,CYSLTR2.L129Q
3610,DCAF13.T118.
3611,DDX28.S442.
3612,DDX28.S442F
3613,DHRS4.T102M
3614,DICER1.D1810A
3615,DICER1.D1810H
3616,DICER1.E1813A
3617,DICER1.S1344I
3618,DIS3.D488A
3619,DIS3.D488G
3620,DIS3.D488H
3621,DIS3.R689G
3622,DIS3.R780G
3623,DIS3.R780K
3624,DIS3.R780S
3625,DNAH9.E2368D
3626,DNAH9.E2368K
3627,DNAJB1.L190.
3628,DNMT3A.R882P
3629,DNMT3B.V229.
3630,DUSP16.R483.
3631,EBF2.G444E
3632,EBF2.G444V
3633,EGFR.A289I
3634,EGFR.A289N
3635,EGFR.A750.
3636,EGFR.D770_N771insGL
3637,EGFR.E709Q
3638,EGFR.G598E
3639,EGFR.G719D
3640,EGFR.H773_V774dup
3641,EGFR.K754_I759del
3642,EGFR.K754.
3643,EGFR.K754E
3644,EGFR.K754I
3645,EGFR.L747_E749del
3646,EGFR.L747.
3647,EGFR.L833F
3648,EGFR.L838M
3649,EGFR.L838P
3650,EGFR.P596.
3651,EGFR.P596R
3652,EGFR.P596S
3653,EGFR.R252P
3654,EGFR.S768T
3655,EGFR.T263I
3656,EGFR.T363A
3657,EGFR.T751_E758del
3658,EGFR.T790.
3659,EIF1AX.G15.
3660,EIF1AX.G15V
3661,EIF1AX.G6S
3662,EIF1AX.G8E
3663,EIF1AX.P2.
3664,EIF1AX.P2S
3665,ELTD1.S11.
3666,ELTD1.S11F
3667,ELTD1.S11P
3668,EP300.D1399Y
3669,EP300.H1451.
3670,EP300.H1451L
3671,EP300.H1451P
3672,EP300.H1451R
3673,EP300.Q1455.
3674,EP300.Q1455R
3675,EP300.W1466L
3676,EP300.X1429_splice
3677,EP300.Y1414D
3678,EP300.Y1467C
3679,EP300.Y1467S
3680,EPAS1.P531A
3681,EPAS1.P531L
3682,EPAS1.P531S
3683,EPAS1.Y532C
3684,EPHA7.G656.
3685,EPHA7.G656W
3686,EPHB1.R743.
3687,ERBB2.A293V
3688,ERBB2.D277G
3689,ERBB2.D769N
3690,ERBB2.G660.
3691,ERBB2.G660R
3692,ERBB2.G776S
3693,ERBB2.L755.
3694,ERBB2.L755M
3695,ERBB2.L755W
3696,ERBB2.M774dup
3697,ERBB2.R138Q
3698,ERBB2.R138W
3699,ERBB2.S310.
3700,ERBB2.V659.
3701,ERBB2.V659D
3702,ERBB3.A232T
3703,ERBB3.D297N
3704,ERBB3.D297V
3705,ERBB3.E332Q
3706,ERBB3.E928K
3707,ERBB3.H228Q
3708,ERBB3.H228R
3709,ERBB3.K329R
3710,ERBB3.M60K
3711,ERBB3.M60R
3712,ERBB3.N126I
3713,ERBB3.R103.
3714,ERBB3.R103H
3715,ERBB3.T355A
3716,ERBB3.T355P
3717,ERBB4.F1102.
3718,ERBB4.K1002R
3719,ERBB4.K1002T
3720,ERBB4.K1223M
3721,ERBB4.L798.
3722,ERBB4.L798H
3723,ERBB4.L798P
3724,ERBB4.Q707.
3725,ERBB4.Q707E
3726,ERBB4.S1289A
3727,ERBB4.S774G
3728,ERBB4.S774N
3729,ERBB4.S774R
3730,ERCC2.D609G
3731,ERCC2.E606G
3732,ERCC2.P463S
3733,ERCC2.S246.
3734,ERCC2.Y14C
3735,ERCC3.L713.
3736,ERG.R354.
3737,ERRFI1.K116.
3738,ERRFI1.K409Q
3739,ESR1.L536.
3740,ETV6.R369.
3741,ETV6.R369L
3742,ETV6.R369Q
3743,ETV6.S284.
3744,ETV6.S284F
3745,EYA4.L152H
3746,EYA4.L152I
3747,EYA4.L152P
3748,EYA4.L152R
3749,EYA4.L152V
3750,EZH2.K515R
3751,EZH2.K665E
3752,EZH2.K665R
3753,EZH2.Y646.
3754,EZH2.Y646C
3755,EZH2.Y646F
3756,EZH2.Y646H
3757,EZH2.Y646N
3758,EZH2.Y646S
3759,FAM46D.S69G
3760,FAM46D.S69R
3761,FAM58A.X141_splice
3762,FBXW7.D520H
3763,FBXW7.E287K
3764,FBXW7.E287V
3765,FBXW7.G423A
3766,FBXW7.G437.
3767,FBXW7.G437..1
3768,FBXW7.G437E
3769,FBXW7.R14.
3770,FBXW7.R367P
3771,FBXW7.R393Q
3772,FBXW7.R441G
3773,FBXW7.R441L
3774,FBXW7.R465G
3775,FBXW7.R465L
3776,FBXW7.R465P
3777,FBXW7.R479..1
3778,FBXW7.R505P
3779,FBXW7.R505S
3780,FBXW7.R658..1
3781,FBXW7.S546.
3782,FBXW7.S546P
3783,FBXW7.S582.
3784,FBXW7.T385I
3785,FBXW7.T385K
3786,FBXW7.T385P
3787,FBXW7.Y545.
3788,FGFR1.K687.
3789,FGFR1.K687..1
3790,FGFR1.K687E
3791,FGFR1.K687N
3792,FGFR1.N577D
3793,FGFR1.N577K
3794,FGFR2.C382Y
3795,FGFR2.F276C
3796,FGFR2.P253L
3797,FGFR2.S252.
3798,FGFR3.K650N
3799,FGFR3.K650T
3800,FGFR3.L8.
3801,FH.M336I
3802,FH.M336L
3803,FLT3.D586_E596dup
3804,FLT3.D593_F594insSPEDNEYFYVD
3805,FLT3.D835E
3806,FLT3.D835H
3807,FLT3.D835V
3808,FLT3.D835Y
3809,FLT3.E598_F612dup
3810,FLT3.E598_Y599insSGSSDNEYFYVDFREYE
3811,FLT3.E598_Y599insVAYVDFREYE
3812,FLT3.E604_F605insSPRGGNEYFYVDFREYEYDLKWE
3813,FLT3.F594_D600dup
3814,FLT3.F594_R595insGTGSSDNEYFYVDF
3815,FLT3.F612_G613insQGFYVDFREYEYDLKWEFPRENLEF
3816,FLT3.L601_K602insNVDFREYEYDL
3817,FLT3.M578_E598dup
3818,FLT3.N587_D600dup
3819,FLT3.R595_E596insDYVDFR
3820,FLT3.R595_L601dup
3821,FLT3.S584_D600dup
3822,FLT3.S584_F605dup
3823,FLT3.S585_F594dup
3824,FLT3.Y597_E598insAGSSDNEYFYVDFREY
3825,FLT3.Y597_E598insDEYFYVDFREY
3826,FLT3.Y597_K602dup
3827,FLT3.Y599_D600insEYEYEYEY
3828,FLT3.Y599_D600insPAPQIMSTSTLISENMNIA
3829,FLT3.Y599_E604dup
3830,FOXA1.D226N
3831,FOXA1.D249_N252del
3832,FOXA1.F254_G257delinsC
3833,FOXA1.F254_L260del
3834,FOXA1.F266.
3835,FOXA1.F266I
3836,FOXA1.F266S
3837,FOXA1.H247Q
3838,FOXA1.I176M
3839,FOXA1.M253T
3840,FOXA1.Q263del
3841,FOXA1.R219.
3842,FOXA1.R219G
3843,FOXA1.R265_K270del
3844,FOXA1.S250_N252del
3845,FOXA1.S409del
3846,FOXA1.Y259F
3847,FOXL2.E118Q
3848,FOXO1.S205.
3849,FOXO1.S22.
3850,FOXP1.R514C
3851,FOXP1.S448.
3852,FRMD4B.P368F
3853,FRMD4B.P368L
3854,FRMD4B.P368S
3855,FRMD6.S17.
3856,FRMD6.S17C
3857,FRMD6.S17I
3858,FZD10.S22R
3859,GATA2.C352..1
3860,GATA2.C352F
3861,GATA3.M293R
3862,GLI1.R380..1
3863,GNA11.Q209H
3864,GNA11.R183.
3865,GNA11.R183C
3866,GNA11.R183H
3867,GNAQ.G48.
3868,GNAQ.G48V
3869,GNAS.R160H
3870,GPS2.X242_splice
3871,GSK3B.X239_splice
3872,GTF2I.F641C
3873,GTF2I.L424H
3874,GTF2I.N440S
3875,H3F3A.K28R
3876,HGF.G229A
3877,HIST1H1C.A180.
3878,HIST1H1C.A180P
3879,HIST1H3B.E106.
3880,HIST1H3B.E51.
3881,HIST1H3B.E51D
3882,HIST1H3B.E51Q
3883,HIST1H3B.K28E
3884,HIST1H3B.K28M
3885,HIST1H3C.K37.
3886,HIST1H3C.K37M
3887,HIST1H3H.K37E
3888,HNF1A.G338.
3889,HNF1A.R114C
3890,HNF1A.R114L
3891,HNF1A.S591.
3892,HNF1A.S591Y
3893,HNMT.L145.
3894,HOOK2.S630.
3895,HOOK2.S630A
3896,HOOK2.S630F
3897,HOXB2.P335.
3898,HRAS.G12A
3899,HRAS.G12C
3900,HRAS.G13I
3901,HRAS.K117R
3902,HRAS.Q61H
3903,HSD11B1.G45.
3904,HSD11B1.G45E
3905,HSD11B1.G45R
3906,HSD11B1.G45V
3907,HSD11B1.G45W
3908,IDH2.R140L
3909,IDH2.R140Q
3910,IDH2.R172.
3911,IGF1R.G129.
3912,IGF1R.G129A
3913,IGF1R.G129R
3914,IKZF1.E304Q
3915,IL7R.I241L
3916,IL7R.K395.
3917,IL7R.K395M
3918,IL7R.K395T
3919,IL7R.R206Q
3920,ING1.R339.
3921,INMT.S212.
3922,INMT.S212F
3923,INPPL1.R70H
3924,INTS12.M1.
3925,IRF4.C99.
3926,IRF4.C99Y
3927,IRF4.K123R
3928,IRF4.Y428H
3929,JAK1.L910.
3930,JUN.E112K
3931,KAT8.R98Q
3932,KAT8.R98W
3933,KCNH5.T147.
3934,KCNJ12.E430.
3935,KCNJ8.G417D
3936,KCNJ8.G417E
3937,KCNJ8.G417R
3938,KCNQ5.G273E
3939,KCNQ5.G273R
3940,KDM6A.G526.
3941,KDM6A.G526..1
3942,KDR.C482.
3943,KDR.S1037.
3944,KDR.S1037T
3945,KEAP1.G333S
3946,KEAP1.G417E
3947,KEAP1.G417R
3948,KEAP1.G417W
3949,KEAP1.G480.
3950,KEAP1.R320M
3951,KEAP1.R320P
3952,KEAP1.R320W
3953,KEAP1.R470H
3954,KEAP1.R470S
3955,KEAP1.V155A
3956,KIAA0020.K63R
3957,KIF26B.R2024C
3958,KIF26B.R2024H
3959,KIF26B.R2024S
3960,KIT.D816Y
3961,KIT.G565_T574delinsA
3962,KIT.K642N
3963,KIT.N822I
3964,KIT.R888.
3965,KIT.V560.
3966,KIT.V560A
3967,KIT.V560G
3968,KIT.W557C
3969,KLF4.K409N
3970,KLF5.E419K
3971,KLF5.E419Q
3972,KMT2A.R1264.
3973,KMT2C.R4549C
3974,KMT2C.R4549H
3975,KMT2C.R4549S
3976,KMT2C.R56.
3977,KMT2C.R56Q
3978,KMT2D.L1375.
3979,KMT2D.L1375I
3980,KMT2D.R1903.
3981,KMT2D.R1903..1
3982,KMT2D.R2685.
3983,KMT2D.R2685..1
3984,KMT2D.R5179C
3985,KMT2D.R5179H
3986,KMT2D.R5179L
3987,KMT2D.R5179P
3988,KMT2D.R5432.
3989,KMT2D.R5432Q
3990,KMT2D.R5432W
3991,KNSTRN.C22S
3992,KNSTRN.C22Y
3993,KNSTRN.P28L
3994,KNSTRN.P28S
3995,KNSTRN.S24F
3996,KNSTRN.V12.
3997,KNSTRN.V12G
3998,KRAS.A11.
3999,KRAS.A11T
4000,KRAS.A59.
4001,KRAS.A59E
4002,KRAS.A59G
4003,KRAS.G12.
4004,KRAS.G13.
4005,KRAS.G13A
4006,KRAS.G60.
4007,KRAS.Q61E
4008,LAMC1.P641.
4009,LAMC1.P641L
4010,LATS2.P479_A480insPP
4011,LCE1A.K28M
4012,LCE1A.K28R
4013,LCE1A.K28T
4014,LCE1F.P27.
4015,LCE1F.P27L
4016,LCE1F.P27Q
4017,LRP1.P1058L
4018,LRP1.P1058T
4019,LRP5.S1609.
4020,LRP5.S1609P
4021,LRRC71.K324.
4022,LSM14A.R272C
4023,LSM14A.R272H
4024,LST3.R709.
4025,LST3.R709K
4026,LST3.R709T
4027,LTN1.S19F
4028,LTN1.S19Y
4029,LYN.I364L
4030,LYN.I364N
4031,MAGEC1.K1046N
4032,MAGI2.L603P
4033,MAGI2.L603R
4034,MAGOH.I137T
4035,MAP2K1.C121.
4036,MAP2K1.E203V
4037,MAP2K1.F53I
4038,MAP2K1.G128R
4039,MAP2K1.P124.
4040,MAP2K1.P124Q
4041,MAP2K1.T386.
4042,MAP2K2.F57V
4043,MAP2K4.R110P
4044,MAP2K4.R110Q
4045,MAP2K4.R134Q
4046,MAP2K4.S184.
4047,MAPK1.E322.
4048,MAPK7.A501D
4049,MARCH10.G241.
4050,MARCH10.G241E
4051,MARCH10.G241R
4052,MAX.R36W
4053,MAX.R60.
4054,MED12.G44_F45del
4055,MED12.V1223L
4056,MED28.G7C
4057,MEF2A.P99S
4058,MET.F1200I
4059,MET.F1200V
4060,MET.H1094R
4061,MET.T222.
4062,MET.V1070E
4063,MET.V1070R
4064,MET.Y1003.
4065,MET.Y1003F
4066,METTL14.R298H
4067,METTL14.R298P
4068,MTOR.A1459P
4069,MTOR.A1971S
4070,MTOR.C1483F
4071,MTOR.C1483W
4072,MTOR.E1455_E1457dup
4073,MTOR.F1888L
4074,MTOR.F1888V
4075,MTOR.S2215T
4076,MTOR.T1977R
4077,MTOR.T1977S
4078,MTOR.V2006.
4079,MTOR.V2006I
4080,MTOR.V2006L
4081,MXRA5.G792.
4082,MYD88.M232T
4083,MYD88.P166.
4084,MYD88.P166L
4085,MYO18A.G979.
4086,MYO18A.G979A
4087,MYO18B.P1018.
4088,MYO18B.P1018L
4089,MYO18B.P1018S
4090,MYO18B.P1018T
4091,MYO9A.P1300.
4092,MYO9A.P1300L
4093,MYO9A.P1300S
4094,MYOD1.L122.
4095,MYOD1.L122M
4096,MYT1L.K203R
4097,MYT1L.K203T
4098,NAP1L3.K502.
4099,NAP1L3.K502M
4100,NAP1L3.K502N
4101,NAP1L3.K502R
4102,NAP1L3.K502T
4103,NCR1.E42.
4104,NCR1.E42G
4105,NCR1.E42K
4106,NF1.R2450Q
4107,NF1.R461Q
4108,NFE2L2.D29G
4109,NFE2L2.D29N
4110,NFE2L2.E35_R42del
4111,NFE2L2.E79.
4112,NFE2L2.E79D
4113,NFE2L2.E79G
4114,NFE2L2.E79V
4115,NFE2L2.E82A
4116,NFE2L2.F37del
4117,NFE2L2.G31V
4118,NFE2L2.G81A
4119,NFE2L2.G81C
4120,NFE2L2.G81V
4121,NFE2L2.I28dup
4122,NFE2L2.L30_S33del
4123,NFE2L2.L30H
4124,NFE2L2.L30P
4125,NFE2L2.L30R
4126,NFE2L2.Q26H
4127,NFE2L2.Q26L
4128,NFE2L2.Q26P
4129,NFE2L2.Q26R
4130,NFE2L2.R34_F37delinsL
4131,NFE2L2.R34_S40del
4132,NFE2L2.T80I
4133,NFE2L2.T80K
4134,NFE2L2.T80P
4135,NFE2L2.W24_D29delinsY
4136,NFIC.S339P
4137,NOL4.L423.
4138,NOL4.L423M
4139,NOL4.L423V
4140,NOTCH1.C440R
4141,NOTCH1.C440S
4142,NOTCH1.E455.
4143,NOTCH1.F853C
4144,NOTCH1.F853I
4145,NOTCH1.G310E
4146,NOTCH1.R365S
4147,NOTCH1.Y358del
4148,NOTCH2.T235S
4149,NPAS1.F159.
4150,NPAS1.F159L
4151,NRAS.G13V
4152,NRAS.G60.
4153,NRAS.Q61.
4154,NSD1.C1710.
4155,NSD1.C1710S
4156,NSD1.C1710Y
4157,NSD1.F392.
4158,NUP93.E14G
4159,OBP2B.S133P
4160,OXA1L.L57F
4161,PACS2.Q87.
4162,PACS2.Q87H
4163,PARP1.G500.
4164,PASD1.M338I
4165,PBRM1.R1160.
4166,PBRM1.R1160P
4167,PBRM1.R1160Q
4168,PBRM1.R710G
4169,PCBP1.L102P
4170,PCBP1.L102Q
4171,PCBP1.L102R
4172,PCED1B.S343F
4173,PCED1B.S343P
4174,PCED1B.S343Y
4175,PCMTD1.P342L
4176,PCSK5.W924.
4177,PCSK5.W924L
4178,PDGFRA.C235R
4179,PDGFRA.C235S
4180,PDGFRA.D842.
4181,PDGFRA.D842H
4182,PDGFRA.E229.
4183,PDGFRA.E229V
4184,PDHA1.G145D
4185,PDPK1.P499S
4186,PGR.R836.
4187,PIK3CA.C378R
4188,PIK3CA.C378Y
4189,PIK3CA.C420G
4190,PIK3CA.C604R
4191,PIK3CA.C90G
4192,PIK3CA.C90R
4193,PIK3CA.C90S
4194,PIK3CA.C90Y
4195,PIK3CA.D939G
4196,PIK3CA.E365V
4197,PIK3CA.E39G
4198,PIK3CA.E453D
4199,PIK3CA.E542G
4200,PIK3CA.E726A
4201,PIK3CA.E81.
4202,PIK3CA.G106_N107del
4203,PIK3CA.G106S
4204,PIK3CA.G451_D454del
4205,PIK3CA.G463_N465delinsD
4206,PIK3CA.H1065L
4207,PIK3CA.I102del
4208,PIK3CA.K111R
4209,PIK3CA.L10_M16del
4210,PIK3CA.L113del
4211,PIK3CA.L455_G460delinsF
4212,PIK3CA.M1004V
4213,PIK3CA.N1044Y
4214,PIK3CA.N107.
4215,PIK3CA.N107S
4216,PIK3CA.N114del
4217,PIK3CA.N345.
4218,PIK3CA.Q546E
4219,PIK3CA.Q546L
4220,PIK3CA.R357G
4221,PIK3CA.R38G
4222,PIK3CA.R38L
4223,PIK3CA.R38S
4224,PIK3CA.T1025S
4225,PIK3CA.V344A
4226,PIK3CA.W11_H14delinsY
4227,PIK3CA.W11_P18del
4228,PIK3CB.D1067A
4229,PIK3CD.C416R
4230,PIK3CD.R894.
4231,PIK3R1.D560H
4232,PIK3R1.D560N
4233,PIK3R1.D569_L570delinsV
4234,PIK3R1.D569dup
4235,PIK3R1.E403_L404del
4236,PIK3R1.E439del
4237,PIK3R1.E451del
4238,PIK3R1.E462dup
4239,PIK3R1.E468_E469insGLYE
4240,PIK3R1.E468_Y470dup
4241,PIK3R1.E558_K561del
4242,PIK3R1.G446_E451del
4243,PIK3R1.H450_E451insD
4244,PIK3R1.H450_E451insVH
4245,PIK3R1.H450_T454del
4246,PIK3R1.H450del
4247,PIK3R1.I442_E443delinsK
4248,PIK3R1.I571_Q572insR
4249,PIK3R1.K379del
4250,PIK3R1.K379N
4251,PIK3R1.K575_T576del
4252,PIK3R1.L449_K459del
4253,PIK3R1.L449_Q455del
4254,PIK3R1.L466_E469del
4255,PIK3R1.L466_Y470delinsF
4256,PIK3R1.L466del
4257,PIK3R1.L570_D578del
4258,PIK3R1.L570_I571insY
4259,PIK3R1.L573_R574del
4260,PIK3R1.L573del
4261,PIK3R1.M563_L570delinsI
4262,PIK3R1.M563_N564delinsI
4263,PIK3R1.N453_Y463del
4264,PIK3R1.N564_P568delinsT
4265,PIK3R1.Q455_F456insL
4266,PIK3R1.Q455_K459del
4267,PIK3R1.Q457_E462del
4268,PIK3R1.Q457_S460del
4269,PIK3R1.Q579_Y580delinsH
4270,PIK3R1.R465_Y467del
4271,PIK3R1.R577_D578del
4272,PIK3R1.R577_L581del
4273,PIK3R1.S399_L404del
4274,PIK3R1.S460_D464del
4275,PIK3R1.T397_V401del
4276,PIK3R1.V401_N406del
4277,PIK3R1.Y452C
4278,PIK3R1.Y452H
4279,PIK3R1.Y452N
4280,PIK3R1.Y467_Y470del
4281,PIK3R1.Y580_L581insF
4282,PIM1.E79.
4283,PIM1.G28V
4284,PIM1.K24.
4285,PIM1.L2V
4286,PIM1.N7.
4287,PIM1.Q37.
4288,PIM1.S97.
4289,PIM1.S97T
4290,PLCB3.T909P
4291,PLK2.L208P
4292,PLK2.L208V
4293,PNLIPRP3.K431R
4294,PNLIPRP3.K431T
4295,PODXL.S22P
4296,POLE.P286H
4297,POLE.P286L
4298,POLE.P286S
4299,POM121.N94S
4300,PPP2R1A.P179L
4301,PPP2R1A.R182.
4302,PPP2R1A.R183G
4303,PRDM14.F204.
4304,PRDM14.F204V
4305,PRDM14.R505C
4306,PRDM14.R505H
4307,PREX2.L50.
4308,PREX2.L50V
4309,PRKCI.R480C
4310,PRKCI.R480H
4311,PRKCI.R480S
4312,PSG4.E263K
4313,PTEN.A126G
4314,PTEN.C105G
4315,PTEN.C105R
4316,PTEN.C105W
4317,PTEN.C105Y
4318,PTEN.C124G
4319,PTEN.C124R
4320,PTEN.C136.
4321,PTEN.C136F
4322,PTEN.C136Y
4323,PTEN.C71.
4324,PTEN.D24N
4325,PTEN.G127.
4326,PTEN.G129.
4327,PTEN.G129..1
4328,PTEN.G129V
4329,PTEN.G251A
4330,PTEN.G251D
4331,PTEN.H61Y
4332,PTEN.H93L
4333,PTEN.H93P
4334,PTEN.I67K
4335,PTEN.L140.
4336,PTEN.L247F
4337,PTEN.L320V
4338,PTEN.Q171K
4339,PTEN.R130..1
4340,PTEN.R130L
4341,PTEN.R233Q
4342,PTEN.R335G
4343,PTEN.R335P
4344,PTEN.S170G
4345,PTEN.T277A
4346,PTEN.T277I
4347,PTEN.W274S
4348,PTEN.Y16..1
4349,PTEN.Y177C
4350,PTEN.Y177F
4351,PTEN.Y178C
4352,PTEN.Y27D
4353,PTEN.Y346H
4354,PTEN.Y68N
4355,PTN.K44M
4356,PTN.K44T
4357,PTPN11.A461G
4358,PTPN11.A72D
4359,PTPN11.D61N
4360,PTPN11.E76A
4361,PTPN11.F285V
4362,PTPN11.G503.
4363,PTPN11.N308S
4364,PTPN11.Q510E
4365,PTPN11.Q510H
4366,PTPN11.T468.
4367,PTPRD.S431.
4368,PTPRD.S431..1
4369,PTPRS.R1492.
4370,PTPRS.Y398.
4371,PTPRT.E548G
4372,PTPRT.L668.
4373,PTPRT.L668V
4374,PTPRT.L695.
4375,PTPRT.L695R
4376,PTPRT.R364..1
4377,RAC1.A178V
4378,RAC1.C18F
4379,RAC1.K135N
4380,RAC1.K135R
4381,RAC1.N111I
4382,RAC1.N111K
4383,RAC1.N111S
4384,RAC1.P34H
4385,RAC1.P34S
4386,RAD50.D69N
4387,RAD50.D69Y
4388,RAD51C.P21T
4389,RAD51C.Y224H
4390,RAD52.R396.
4391,RAF1.S257W
4392,RAF1.S259.
4393,RARA.F286C
4394,RARA.F286I
4395,RARA.F286S
4396,RB1.R787Q
4397,RBM10.R153.
4398,RBM10.R153G
4399,RBM10.X91_splice
4400,RBM39.T353.
4401,RBM39.T353I
4402,RECQL4.X766_splice
4403,RHEB.Y35.
4404,RHEB.Y35H
4405,RHEB.Y35N
4406,RHOA.E40.
4407,RHOA.E40D
4408,RHOA.L22.
4409,RHOA.L22P
4410,RHOA.L69M
4411,RHOA.R5L
4412,RHOA.T37S
4413,RHOA.Y42F
4414,RHOA.Y42I
4415,RICTOR.S1101.
4416,RIMS1.R71.
4417,RIMS1.R71G
4418,RIMS2.S423.
4419,RINT1.K85N
4420,RINT1.K85T
4421,RIPPLY2.S110.
4422,RIPPLY2.S110L
4423,RIT1.A77P
4424,RIT1.A77S
4425,RNF43.H86R
4426,RNF43.H86Y
4427,RPL10L.K156M
4428,RPL10L.K156R
4429,RPL10L.K156T
4430,RPS6KA4.R629.
4431,RPS6KA4.S236.
4432,RQCD1.P131L
4433,RQCD1.P131S
4434,RQCD1.S87C
4435,RQCD1.S87P
4436,RRAS2.Q72H
4437,RRAS2.Q72L
4438,RTKN2.R33.
4439,RTKN2.R33Q
4440,RUNX1.R162G
4441,RUNX1.R162K
4442,RUNX1.R162S
4443,RUNX1.R201.
4444,RUNX1.R201G
4445,RUNX1.R201Q
4446,RXRA.S427F
4447,RXRA.S427Y
4448,S100A3.P97.
4449,S100A3.P97S
4450,S100A8.K49R
4451,SDHA.S445.
4452,SDHA.S445L
4453,SDHA.V644L
4454,SDHA.V644M
4455,SDHAF2.S10A
4456,SDHAF2.X87_splice
4457,SEMA4B.S231.
4458,SEMA4B.S231F
4459,SESN2.I425V
4460,SETD2.H1603R
4461,SETD2.R1625L
4462,SETD2.R1625S
4463,SETD2.Y1666.
4464,SETD2.Y1666H
4465,SF3B1.D894A
4466,SF3B1.D894G
4467,SF3B1.D894N
4468,SF3B1.E902G
4469,SF3B1.G740V
4470,SF3B1.K666E
4471,SF3B1.K666Q
4472,SF3B1.K700.
4473,SF3B1.K700R
4474,SF3B1.K741Q
4475,SF3B1.K741T
4476,SF3B1.N626H
4477,SF3B1.N626Y
4478,SF3B1.R625G
4479,SF3B1.V701A
4480,SF3B1.V701I
4481,SF3B1.Y623S
4482,SHB.A460T
4483,SHROOM1.P300T
4484,SLC16A13.F158L
4485,SLC27A5.T554.
4486,SLC27A5.T554I
4487,SLCO1B7.E27K
4488,SMAD2.P305Q
4489,SMAD2.R182..1
4490,SMAD2.R321.
4491,SMAD2.T303I
4492,SMAD4.C363del
4493,SMAD4.C363S
4494,SMAD4.C363Y
4495,SMAD4.D351A
4496,SMAD4.D351G
4497,SMAD4.D355V
4498,SMAD4.D355Y
4499,SMAD4.D493A
4500,SMAD4.D493N
4501,SMAD4.E330.
4502,SMAD4.E526A
4503,SMAD4.E526V
4504,SMAD4.F362_H371del
4505,SMAD4.G352.
4506,SMAD4.G352L
4507,SMAD4.G358_D360del
4508,SMAD4.G386A
4509,SMAD4.G386C
4510,SMAD4.L536Q
4511,SMAD4.R361_L364del
4512,SMAD4.R361G
4513,SMAD4.R361P
4514,SMAD4.R445Q
4515,SMAD4.W524L
4516,SMAD4.W524R
4517,SMAD4.W524S
4518,SMARCA4.E821D
4519,SMARCA4.G1232C
4520,SMARCA4.R1192P
4521,SMARCA4.T910.
4522,SMARCD1.R183L
4523,SMO.L412.
4524,SMO.V414.
4525,SMO.V414A
4526,SMTNL2.X244_splice
4527,SNRPD3.G96C
4528,SNRPD3.G96R
4529,SNRPD3.G96S
4530,SNRPD3.G96V
4531,SOS1.A90.
4532,SOS1.A90T
4533,SOS1.A90V
4534,SOS1.N233Y
4535,SOX9.R152_K167del
4536,SOX9.R152del
4537,SPOP.F102I
4538,SPOP.F102S
4539,SPOP.F125I
4540,SPOP.W131R
4541,SPOP.Y87S
4542,SPRED1.R349S
4543,SPRED1.R349W
4544,SPTA1.K1732T
4545,SRSF2.P95_R102del
4546,SRSF2.P95H
4547,SRSF2.Y92_H100del
4548,SRSF2.Y92_H99del
4549,SSBP3.K6R
4550,STAG2.R216..1
4551,STAT3.D661V
4552,STAT3.D661Y
4553,STAT3.F384L
4554,STAT3.F384Y
4555,STAT3.H410P
4556,STK11.D194H
4557,STK11.G196.
4558,STK11.G242.
4559,STK11.G251R
4560,STK11.H174.
4561,STK11.H174Y
4562,STK11.N181I
4563,STK11.N181Y
4564,STK11.P221.
4565,STK11.P221S
4566,STK11.S216.
4567,STK19.D89.
4568,STK19.D89N
4569,SUZ12.R101.
4570,SUZ12.R101Q
4571,SWI5.P34S
4572,SYT13.P228S
4573,SYT13.P228T
4574,TACC3.P417.
4575,TACC3.P417S
4576,TARBP2.E191.
4577,TARBP2.E191..1
4578,TBX2.S192I
4579,TBX3.W113R
4580,TCEB1.Y79.
4581,TCEB1.Y79F
4582,TCEB1.Y79N
4583,TCEB1.Y79S
4584,TCF20.P815L
4585,TCF20.P815S
4586,TCF3.N551K
4587,TCF7L2.R471C
4588,TCF7L2.R471H
4589,TCF7L2.R471S
4590,TET1.P1752.
4591,TGFBR1.I259.
4592,TGFBR1.I259N
4593,TGFBR1.S241.
4594,TGFBR1.S241..1
4595,TGFBR2.D471N
4596,TGFBR2.D471V
4597,TGFBR2.D471Y
4598,TGFBR2.E544K
4599,TGFBR2.R520.
4600,TGFBR2.R520..1
4601,TGFBR2.R553C
4602,TGFBR2.R553G
4603,TGFBR2.R553H
4604,TGFBR2.R553L
4605,TGFBRAP1.P824.
4606,TGFBRAP1.P824F
4607,TGFBRAP1.P824L
4608,TGFBRAP1.P824S
4609,THBD.C554.
4610,THRA.R79H
4611,THSD7B.E1181K
4612,THSD7B.G557E
4613,THSD7B.G557R
4614,THSD7B.G557V
4615,TMEM131.E1319.
4616,TMEM131.E1319K
4617,TMEM131.E1319Q
4618,TMEM147.A92.
4619,TMEM147.A92V
4620,TMEM200C.R19C
4621,TMEM200C.R19H
4622,TMEM200C.R19S
4623,TOP2B.R651H
4624,TP53.A138_L145del
4625,TP53.A138_P142del
4626,TP53.A159.
4627,TP53.A159D
4628,TP53.A161_I162del
4629,TP53.A161V
4630,TP53.C141F
4631,TP53.C141S
4632,TP53.C176_H179del
4633,TP53.C176..1
4634,TP53.C176dup
4635,TP53.C238_M243del
4636,TP53.C238_N239delinsY
4637,TP53.C242.
4638,TP53.C242..1
4639,TP53.C275_R282delinsW
4640,TP53.C277dup
4641,TP53.C277G
4642,TP53.C277W
4643,TP53.D148_T155dup
4644,TP53.D148del
4645,TP53.D208G
4646,TP53.D259.
4647,TP53.D281.
4648,TP53.D281A
4649,TP53.D281P
4650,TP53.E180_D184del
4651,TP53.E258..1
4652,TP53.E285..1
4653,TP53.F113.
4654,TP53.F113L
4655,TP53.F134S
4656,TP53.F270del
4657,TP53.F270I
4658,TP53.G105.
4659,TP53.G105R
4660,TP53.G154C
4661,TP53.G244_M246delinsV
4662,TP53.G244.
4663,TP53.G244A
4664,TP53.G244R
4665,TP53.G245A
4666,TP53.G262del
4667,TP53.H168L
4668,TP53.H178_S183del
4669,TP53.H178N
4670,TP53.H178Q
4671,TP53.I162_Y163delinsN
4672,TP53.I162dup
4673,TP53.I195_G199del
4674,TP53.I195.
4675,TP53.I195M
4676,TP53.I232.
4677,TP53.I232T
4678,TP53.I251.
4679,TP53.I254_T256del
4680,TP53.I254V
4681,TP53.I255.
4682,TP53.K120M
4683,TP53.K132T
4684,TP53.K139_P142delinsT
4685,TP53.L194H
4686,TP53.L252_I254del
4687,TP53.L257.
4688,TP53.L265.
4689,TP53.L265M
4690,TP53.M237_N239del
4691,TP53.M237V
4692,TP53.M246R
4693,TP53.N131.
4694,TP53.N239_S241del
4695,TP53.N239T
4696,TP53.N247.
4697,TP53.N268_R273del
4698,TP53.P128_L130del
4699,TP53.P128del
4700,TP53.P151L
4701,TP53.P152.
4702,TP53.P152Q
4703,TP53.P177_H178del
4704,TP53.P190R
4705,TP53.P250_I251delinsL
4706,TP53.P250.
4707,TP53.P250R
4708,TP53.Q104H
4709,TP53.Q136_C141del
4710,TP53.Q136del
4711,TP53.Q136H
4712,TP53.Q136L
4713,TP53.Q144H
4714,TP53.Q192del
4715,TP53.R156del
4716,TP53.R158S
4717,TP53.R202_L206del
4718,TP53.R213P
4719,TP53.R248.
4720,TP53.R267.
4721,TP53.R282_R283del
4722,TP53.R282.
4723,TP53.R337H
4724,TP53.S127.
4725,TP53.S127C
4726,TP53.S127T
4727,TP53.S240_C242del
4728,TP53.S241.
4729,TP53.S241A
4730,TP53.S260_L264dup
4731,TP53.S269_E271delinsK
4732,TP53.T125.
4733,TP53.T150_R158del
4734,TP53.T155_A161del
4735,TP53.T155_R156del
4736,TP53.T155_R158del
4737,TP53.T155.
4738,TP53.T256del
4739,TP53.V143E
4740,TP53.V147_D148dup
4741,TP53.V157_R158dup
4742,TP53.V157.
4743,TP53.V157D
4744,TP53.V157L
4745,TP53.V172G
4746,TP53.V173_R175del
4747,TP53.V173dup
4748,TP53.V173E
4749,TP53.V197_N200del
4750,TP53.V197.
4751,TP53.V197G
4752,TP53.V197L
4753,TP53.V218.
4754,TP53.V218E
4755,TP53.V272.
4756,TP53.V272A
4757,TP53.V274_G279del
4758,TP53.V274dup
4759,TP53.W146S
4760,TP53.Y107..1
4761,TP53.Y126N
4762,TP53.Y205.
4763,TP53.Y205D
4764,TP53.Y205N
4765,TP63.S365..1
4766,TPTE2.M41V
4767,TRAF7.N520Y
4768,TRAF7.R189.
4769,TRIM65.H383L
4770,TRIM65.H383N
4771,TROAP.S562I
4772,TSC22D2.S735F
4773,TSC22D2.S735Y
4774,TUBGCP4.A8D
4775,TUBGCP4.A8T
4776,TUBGCP6.S1192.
4777,U2AF1.G223del
4778,U2AF1.G223dup
4779,U2AF1.I24V
4780,U2AF1.Q157P
4781,U2AF1.Q157R
4782,UBE2D3.M32V
4783,UCHL1.H161Y
4784,VHL.C162F
4785,VHL.C162W
4786,VHL.D121V
4787,VHL.G114C
4788,VHL.G114R
4789,VHL.H115Q
4790,VHL.H115Y
4791,VHL.I151F
4792,VHL.I151T
4793,VHL.L135F
4794,VHL.L158.
4795,VHL.L158Q
4796,VHL.L158V
4797,VHL.L89.
4798,VHL.N78D
4799,VHL.P86T
4800,VHL.S111.
4801,VHL.S111R
4802,VHL.S65.
4803,VHL.S65W
4804,VHL.S80.
4805,VHL.S80I
4806,VHL.V74.
4807,VHL.V74G
4808,VHL.W117C
4809,VHL.W88L
4810,VHL.Y112..1
4811,VHL.Y112D
4812,WDR73.G316R
4813,WHSC1.T1150A
4814,XPO1.E571A
4815,XPO1.E571V
4816,XPO6.I274T
4817,XPO6.I274V
4818,ZBTB7A.K424N
4819,ZBTB7A.K424T
4820,ZHX3.N249K
4821,ZNF516.A256D
4822,ZNF623.T500K
4823,ZNF649.R198I
4824,ZNF649.R198K
4825,ZNF649.R198S
4826,ABL1_Amp
4827,AKT1_Amp
4828,AKT2_Amp
4829,AKT3_Amp
4830,ALK_Amp
4831,ALOX12B_Amp
4832,FAM123B_Amp
4833,APC_Amp
4834,AR_Amp
4835,ARAF_Amp
4836,ARID1A_Amp
4837,ARID1B_Amp
4838,ARID2_Amp
4839,ARID5B_Amp
4840,ASXL1_Amp
4841,ASXL2_Amp
4842,ATM_Amp
4843,ATR_Amp
4844,ATRX_Amp
4845,AURKA_Amp
4846,AURKB_Amp
4847,AXIN1_Amp
4848,AXIN2_Amp
4849,AXL_Amp
4850,B2M_Amp
4851,BAP1_Amp
4852,BARD1_Amp
4853,BBC3_Amp
4854,BCL2_Amp
4855,BCL2L1_Amp
4856,BCL2L11_Amp
4857,BCL6_Amp
4858,BCOR_Amp
4859,BLM_Amp
4860,BMPR1A_Amp
4861,BRAF_Amp
4862,BRCA1_Amp
4863,BRCA2_Amp
4864,BRD4_Amp
4865,BRIP1_Amp
4866,BTK_Amp
4867,CARD11_Amp
4868,CASP8_Amp
4869,CBFB_Amp
4870,CBL_Amp
4871,CCND1_Amp
4872,CCND2_Amp
4873,CCND3_Amp
4874,CCNE1_Amp
4875,CD274_Amp
4876,CD276_Amp
4877,CD79B_Amp
4878,CDC73_Amp
4879,CDH1_Amp
4880,CDK12_Amp
4881,CDK4_Amp
4882,CDK6_Amp
4883,CDK8_Amp
4884,CDKN1A_Amp
4885,CDKN1B_Amp
4886,CDKN2A_Amp
4887,CDKN2B_Amp
4888,CDKN2C_Amp
4889,CHEK1_Amp
4890,CHEK2_Amp
4891,CIC_Amp
4892,CREBBP_Amp
4893,CRKL_Amp
4894,CRLF2_Amp
4895,CSF1R_Amp
4896,CTCF_Amp
4897,CTLA4_Amp
4898,CTNNB1_Amp
4899,CUL3_Amp
4900,DAXX_Amp
4901,DCUN1D1_Amp
4902,DDR2_Amp
4903,DICER1_Amp
4904,DIS3_Amp
4905,DNMT1_Amp
4906,DNMT3A_Amp
4907,DNMT3B_Amp
4908,DOT1L_Amp
4909,E2F3_Amp
4910,EED_Amp
4911,EGFL7_Amp
4912,EGFR_Amp
4913,EIF1AX_Amp
4914,EP300_Amp
4915,EPCAM_Amp
4916,EPHA3_Amp
4917,EPHA5_Amp
4918,EPHB1_Amp
4919,ERBB2_Amp
4920,ERBB3_Amp
4921,ERBB4_Amp
4922,ERCC2_Amp
4923,ERCC3_Amp
4924,ERCC4_Amp
4925,ERCC5_Amp
4926,ERG_Amp
4927,ESR1_Amp
4928,ETV1_Amp
4929,ETV6_Amp
4930,EZH2_Amp
4931,FAM175A_Amp
4932,FAM46C_Amp
4933,FANCA_Amp
4934,FANCC_Amp
4935,FAT1_Amp
4936,FBXW7_Amp
4937,FGF19_Amp
4938,FGF3_Amp
4939,FGF4_Amp
4940,FGFR1_Amp
4941,FGFR2_Amp
4942,FGFR3_Amp
4943,FGFR4_Amp
4944,FH_Amp
4945,FLCN_Amp
4946,FLT1_Amp
4947,FLT3_Amp
4948,FLT4_Amp
4949,FOXA1_Amp
4950,FOXL2_Amp
4951,FOXP1_Amp
4952,FUBP1_Amp
4953,GATA1_Amp
4954,GATA2_Amp
4955,GATA3_Amp
4956,GNA11_Amp
4957,GNAQ_Amp
4958,GNAS_Amp
4959,GREM1_Amp
4960,GRIN2A_Amp
4961,GSK3B_Amp
4962,H3F3C_Amp
4963,HGF_Amp
4964,HIST1H1C_Amp
4965,HIST1H2BD_Amp
4966,HIST1H3B_Amp
4967,HNF1A_Amp
4968,HRAS_Amp
4969,ICOSLG_Amp
4970,IDH1_Amp
4971,IDH2_Amp
4972,IFNGR1_Amp
4973,IGF1_Amp
4974,IGF1R_Amp
4975,IGF2_Amp
4976,IKBKE_Amp
4977,IKZF1_Amp
4978,IL10_Amp
4979,IL7R_Amp
4980,INPP4A_Amp
4981,INPP4B_Amp
4982,INSR_Amp
4983,IRF4_Amp
4984,IRS1_Amp
4985,IRS2_Amp
4986,JAK1_Amp
4987,JAK2_Amp
4988,JAK3_Amp
4989,JUN_Amp
4990,KDM5A_Amp
4991,KDM5C_Amp
4992,KDM6A_Amp
4993,KDR_Amp
4994,KEAP1_Amp
4995,KIT_Amp
4996,KLF4_Amp
4997,KRAS_Amp
4998,LATS1_Amp
4999,LATS2_Amp
5000,LMO1_Amp
5001,MAP2K1_Amp
5002,MAP2K2_Amp
5003,MAP2K4_Amp
5004,MAP3K1_Amp
5005,MAP3K13_Amp
5006,MAPK1_Amp
5007,MAX_Amp
5008,MCL1_Amp
5009,MDC1_Amp
5010,MDM2_Amp
5011,MDM4_Amp
5012,MED12_Amp
5013,MEF2B_Amp
5014,MEN1_Amp
5015,MET_Amp
5016,MITF_Amp
5017,MLH1_Amp
5018,MPL_Amp
5019,MRE11A_Amp
5020,MSH2_Amp
5021,MSH6_Amp
5022,MTOR_Amp
5023,MUTYH_Amp
5024,MYC_Amp
5025,MYCL1_Amp
5026,MYCN_Amp
5027,MYD88_Amp
5028,MYOD1_Amp
5029,NBN_Amp
5030,NCOR1_Amp
5031,NF1_Amp
5032,NF2_Amp
5033,NFE2L2_Amp
5034,NKX2-1_Amp
5035,NKX3-1_Amp
5036,NOTCH1_Amp
5037,NOTCH2_Amp
5038,NOTCH3_Amp
5039,NOTCH4_Amp
5040,NPM1_Amp
5041,NRAS_Amp
5042,NSD1_Amp
5043,NTRK1_Amp
5044,NTRK2_Amp
5045,NTRK3_Amp
5046,PAK1_Amp
5047,PAK7_Amp
5048,PALB2_Amp
5049,PARK2_Amp
5050,PARP1_Amp
5051,PAX5_Amp
5052,PBRM1_Amp
5053,PDCD1_Amp
5054,PDGFRA_Amp
5055,PDGFRB_Amp
5056,PDPK1_Amp
5057,PHOX2B_Amp
5058,PIK3C2G_Amp
5059,PIK3C3_Amp
5060,PIK3CA_Amp
5061,PIK3CB_Amp
5062,PIK3CD_Amp
5063,PIK3CG_Amp
5064,PIK3R1_Amp
5065,PIK3R2_Amp
5066,PIK3R3_Amp
5067,PIM1_Amp
5068,PLK2_Amp
5069,PMAIP1_Amp
5070,PMS1_Amp
5071,PMS2_Amp
5072,PNRC1_Amp
5073,POLE_Amp
5074,PPP2R1A_Amp
5075,PRDM1_Amp
5076,PRKAR1A_Amp
5077,PTCH1_Amp
5078,PTEN_Amp
5079,PTPN11_Amp
5080,PTPRD_Amp
5081,PTPRS_Amp
5082,PTPRT_Amp
5083,RAC1_Amp
5084,RAD50_Amp
5085,RAD51_Amp
5086,RAD51L1_Amp
5087,RAD51C_Amp
5088,RAD51L3_Amp
5089,RAD52_Amp
5090,RAD54L_Amp
5091,RAF1_Amp
5092,RARA_Amp
5093,RASA1_Amp
5094,RB1_Amp
5095,RBM10_Amp
5096,RECQL4_Amp
5097,REL_Amp
5098,RET_Amp
5099,RFWD2_Amp
5100,RHOA_Amp
5101,RICTOR_Amp
5102,RIT1_Amp
5103,RNF43_Amp
5104,ROS1_Amp
5105,RPS6KA4_Amp
5106,RPS6KB2_Amp
5107,RPTOR_Amp
5108,RUNX1_Amp
5109,RYBP_Amp
5110,SDHA_Amp
5111,SDHAF2_Amp
5112,SDHB_Amp
5113,SDHC_Amp
5114,SDHD_Amp
5115,SETD2_Amp
5116,SF3B1_Amp
5117,SH2D1A_Amp
5118,SHQ1_Amp
5119,SMAD2_Amp
5120,SMAD3_Amp
5121,SMAD4_Amp
5122,SMARCA4_Amp
5123,SMARCB1_Amp
5124,SMARCD1_Amp
5125,SMO_Amp
5126,SOCS1_Amp
5127,SOX17_Amp
5128,SOX2_Amp
5129,SOX9_Amp
5130,SPEN_Amp
5131,SPOP_Amp
5132,SRC_Amp
5133,STAG2_Amp
5134,STK11_Amp
5135,STK40_Amp
5136,SUFU_Amp
5137,SUZ12_Amp
5138,SYK_Amp
5139,TBX3_Amp
5140,TERT_Amp
5141,TET1_Amp
5142,TET2_Amp
5143,TGFBR1_Amp
5144,TGFBR2_Amp
5145,TMEM127_Amp
5146,TMPRSS2_Amp
5147,TNFAIP3_Amp
5148,TNFRSF14_Amp
5149,TOP1_Amp
5150,TP53_Amp
5151,TP63_Amp
5152,TRAF7_Amp
5153,TSC1_Amp
5154,TSC2_Amp
5155,TSHR_Amp
5156,U2AF1_Amp
5157,VHL_Amp
5158,VTCN1_Amp
5159,WT1_Amp
5160,XIAP_Amp
5161,XPO1_Amp
5162,YAP1_Amp
5163,YES1_Amp
5164,ABL1_HomDel
5165,AKT1_HomDel
5166,AKT2_HomDel
5167,AKT3_HomDel
5168,ALK_HomDel
5169,ALOX12B_HomDel
5170,FAM123B_HomDel
5171,APC_HomDel
5172,AR_HomDel
5173,ARAF_HomDel
5174,ARID1A_HomDel
5175,ARID1B_HomDel
5176,ARID2_HomDel
5177,ARID5B_HomDel
5178,ASXL1_HomDel
5179,ASXL2_HomDel
5180,ATM_HomDel
5181,ATR_HomDel
5182,ATRX_HomDel
5183,AURKA_HomDel
5184,AURKB_HomDel
5185,AXIN1_HomDel
5186,AXIN2_HomDel
5187,AXL_HomDel
5188,B2M_HomDel
5189,BAP1_HomDel
5190,BARD1_HomDel
5191,BBC3_HomDel
5192,BCL2_HomDel
5193,BCL2L1_HomDel
5194,BCL2L11_HomDel
5195,BCL6_HomDel
5196,BCOR_HomDel
5197,BLM_HomDel
5198,BMPR1A_HomDel
5199,BRAF_HomDel
5200,BRCA1_HomDel
5201,BRCA2_HomDel
5202,BRD4_HomDel
5203,BRIP1_HomDel
5204,BTK_HomDel
5205,CARD11_HomDel
5206,CASP8_HomDel
5207,CBFB_HomDel
5208,CBL_HomDel
5209,CCND1_HomDel
5210,CCND2_HomDel
5211,CCND3_HomDel
5212,CCNE1_HomDel
5213,CD274_HomDel
5214,CD276_HomDel
5215,CD79B_HomDel
5216,CDC73_HomDel
5217,CDH1_HomDel
5218,CDK12_HomDel
5219,CDK4_HomDel
5220,CDK6_HomDel
5221,CDK8_HomDel
5222,CDKN1A_HomDel
5223,CDKN1B_HomDel
5224,CDKN2A_HomDel
5225,CDKN2B_HomDel
5226,CDKN2C_HomDel
5227,CHEK1_HomDel
5228,CHEK2_HomDel
5229,CIC_HomDel
5230,CREBBP_HomDel
5231,CRKL_HomDel
5232,CRLF2_HomDel
5233,CSF1R_HomDel
5234,CTCF_HomDel
5235,CTLA4_HomDel
5236,CTNNB1_HomDel
5237,CUL3_HomDel
5238,DAXX_HomDel
5239,DCUN1D1_HomDel
5240,DDR2_HomDel
5241,DICER1_HomDel
5242,DIS3_HomDel
5243,DNMT1_HomDel
5244,DNMT3A_HomDel
5245,DNMT3B_HomDel
5246,DOT1L_HomDel
5247,E2F3_HomDel
5248,EED_HomDel
5249,EGFL7_HomDel
5250,EGFR_HomDel
5251,EIF1AX_HomDel
5252,EP300_HomDel
5253,EPCAM_HomDel
5254,EPHA3_HomDel
5255,EPHA5_HomDel
5256,EPHB1_HomDel
5257,ERBB2_HomDel
5258,ERBB3_HomDel
5259,ERBB4_HomDel
5260,ERCC2_HomDel
5261,ERCC3_HomDel
5262,ERCC4_HomDel
5263,ERCC5_HomDel
5264,ERG_HomDel
5265,ESR1_HomDel
5266,ETV1_HomDel
5267,ETV6_HomDel
5268,EZH2_HomDel
5269,FAM175A_HomDel
5270,FAM46C_HomDel
5271,FANCA_HomDel
5272,FANCC_HomDel
5273,FAT1_HomDel
5274,FBXW7_HomDel
5275,FGF19_HomDel
5276,FGF3_HomDel
5277,FGF4_HomDel
5278,FGFR1_HomDel
5279,FGFR2_HomDel
5280,FGFR3_HomDel
5281,FGFR4_HomDel
5282,FH_HomDel
5283,FLCN_HomDel
5284,FLT1_HomDel
5285,FLT3_HomDel
5286,FLT4_HomDel
5287,FOXA1_HomDel
5288,FOXL2_HomDel
5289,FOXP1_HomDel
5290,FUBP1_HomDel
5291,GATA1_HomDel
5292,GATA2_HomDel
5293,GATA3_HomDel
5294,GNA11_HomDel
5295,GNAQ_HomDel
5296,GNAS_HomDel
5297,GREM1_HomDel
5298,GRIN2A_HomDel
5299,GSK3B_HomDel
5300,H3F3C_HomDel
5301,HGF_HomDel
5302,HIST1H1C_HomDel
5303,HIST1H2BD_HomDel
5304,HIST1H3B_HomDel
5305,HNF1A_HomDel
5306,HRAS_HomDel
5307,ICOSLG_HomDel
5308,IDH1_HomDel
5309,IDH2_HomDel
5310,IFNGR1_HomDel
5311,IGF1_HomDel
5312,IGF1R_HomDel
5313,IGF2_HomDel
5314,IKBKE_HomDel
5315,IKZF1_HomDel
5316,IL10_HomDel
5317,IL7R_HomDel
5318,INPP4A_HomDel
5319,INPP4B_HomDel
5320,INSR_HomDel
5321,IRF4_HomDel
5322,IRS1_HomDel
5323,IRS2_HomDel
5324,JAK1_HomDel
5325,JAK2_HomDel
5326,JAK3_HomDel
5327,JUN_HomDel
5328,KDM5A_HomDel
5329,KDM5C_HomDel
5330,KDM6A_HomDel
5331,KDR_HomDel
5332,KEAP1_HomDel
5333,KIT_HomDel
5334,KLF4_HomDel
5335,KRAS_HomDel
5336,LATS1_HomDel
5337,LATS2_HomDel
5338,LMO1_HomDel
5339,MAP2K1_HomDel
5340,MAP2K2_HomDel
5341,MAP2K4_HomDel
5342,MAP3K1_HomDel
5343,MAP3K13_HomDel
5344,MAPK1_HomDel
5345,MAX_HomDel
5346,MCL1_HomDel
5347,MDC1_HomDel
5348,MDM2_HomDel
5349,MDM4_HomDel
5350,MED12_HomDel
5351,MEF2B_HomDel
5352,MEN1_HomDel
5353,MET_HomDel
5354,MITF_HomDel
5355,MLH1_HomDel
5356,MPL_HomDel
5357,MRE11A_HomDel
5358,MSH2_HomDel
5359,MSH6_HomDel
5360,MTOR_HomDel
5361,MUTYH_HomDel
5362,MYC_HomDel
5363,MYCL1_HomDel
5364,MYCN_HomDel
5365,MYD88_HomDel
5366,MYOD1_HomDel
5367,NBN_HomDel
5368,NCOR1_HomDel
5369,NF1_HomDel
5370,NF2_HomDel
5371,NFE2L2_HomDel
5372,NKX2-1_HomDel
5373,NKX3-1_HomDel
5374,NOTCH1_HomDel
5375,NOTCH2_HomDel
5376,NOTCH3_HomDel
5377,NOTCH4_HomDel
5378,NPM1_HomDel
5379,NRAS_HomDel
5380,NSD1_HomDel
5381,NTRK1_HomDel
5382,NTRK2_HomDel
5383,NTRK3_HomDel
5384,PAK1_HomDel
5385,PAK7_HomDel
5386,PALB2_HomDel
5387,PARK2_HomDel
5388,PARP1_HomDel
5389,PAX5_HomDel
5390,PBRM1_HomDel
5391,PDCD1_HomDel
5392,PDGFRA_HomDel
5393,PDGFRB_HomDel
5394,PDPK1_HomDel
5395,PHOX2B_HomDel
5396,PIK3C2G_HomDel
5397,PIK3C3_HomDel
5398,PIK3CA_HomDel
5399,PIK3CB_HomDel
5400,PIK3CD_HomDel
5401,PIK3CG_HomDel
5402,PIK3R1_HomDel
5403,PIK3R2_HomDel
5404,PIK3R3_HomDel
5405,PIM1_HomDel
5406,PLK2_HomDel
5407,PMAIP1_HomDel
5408,PMS1_HomDel
5409,PMS2_HomDel
5410,PNRC1_HomDel
5411,POLE_HomDel
5412,PPP2R1A_HomDel
5413,PRDM1_HomDel
5414,PRKAR1A_HomDel
5415,PTCH1_HomDel
5416,PTEN_HomDel
5417,PTPN11_HomDel
5418,PTPRD_HomDel
5419,PTPRS_HomDel
5420,PTPRT_HomDel
5421,RAC1_HomDel
5422,RAD50_HomDel
5423,RAD51_HomDel
5424,RAD51L1_HomDel
5425,RAD51C_HomDel
5426,RAD51L3_HomDel
5427,RAD52_HomDel
5428,RAD54L_HomDel
5429,RAF1_HomDel
5430,RARA_HomDel
5431,RASA1_HomDel
5432,RB1_HomDel
5433,RBM10_HomDel
5434,RECQL4_HomDel
5435,REL_HomDel
5436,RET_HomDel
5437,RFWD2_HomDel
5438,RHOA_HomDel
5439,RICTOR_HomDel
5440,RIT1_HomDel
5441,RNF43_HomDel
5442,ROS1_HomDel
5443,RPS6KA4_HomDel
5444,RPS6KB2_HomDel
5445,RPTOR_HomDel
5446,RUNX1_HomDel
5447,RYBP_HomDel
5448,SDHA_HomDel
5449,SDHAF2_HomDel
5450,SDHB_HomDel
5451,SDHC_HomDel
5452,SDHD_HomDel
5453,SETD2_HomDel
5454,SF3B1_HomDel
5455,SH2D1A_HomDel
5456,SHQ1_HomDel
5457,SMAD2_HomDel
5458,SMAD3_HomDel
5459,SMAD4_HomDel
5460,SMARCA4_HomDel
5461,SMARCB1_HomDel
5462,SMARCD1_HomDel
5463,SMO_HomDel
5464,SOCS1_HomDel
5465,SOX17_HomDel
5466,SOX2_HomDel
5467,SOX9_HomDel
5468,SPEN_HomDel
5469,SPOP_HomDel
5470,SRC_HomDel
5471,STAG2_HomDel
5472,STK11_HomDel
5473,STK40_HomDel
5474,SUFU_HomDel
5475,SUZ12_HomDel
5476,SYK_HomDel
5477,TBX3_HomDel
5478,TERT_HomDel
5479,TET1_HomDel
5480,TET2_HomDel
5481,TGFBR1_HomDel
5482,TGFBR2_HomDel
5483,TMEM127_HomDel
5484,TMPRSS2_HomDel
5485,TNFAIP3_HomDel
5486,TNFRSF14_HomDel
5487,TOP1_HomDel
5488,TP53_HomDel
5489,TP63_HomDel
5490,TRAF7_HomDel
5491,TSC1_HomDel
5492,TSC2_HomDel
5493,TSHR_HomDel
5494,U2AF1_HomDel
5495,VHL_HomDel
5496,VTCN1_HomDel
5497,WT1_HomDel
5498,XIAP_HomDel
5499,XPO1_HomDel
5500,YAP1_HomDel
5501,YES1_HomDel
5502,Del_1p
5503,Del_1q
5504,Del_10p
5505,Del_10q
5506,Del_11p
5507,Del_11q
5508,Del_12p
5509,Del_12q
5510,Del_13q
5511,Del_14q
5512,Del_15q
5513,Del_16p
5514,Del_16q
5515,Del_17p
5516,Del_17q
5517,Del_18p
5518,Del_18q
5519,Del_19p
5520,Del_19q
5521,Del_2p
5522,Del_2q
5523,Del_20p
5524,Del_20q
5525,Del_21p
5526,Del_21q
5527,Del_22q
5528,Del_3p
5529,Del_3q
5530,Del_4p
5531,Del_4q
5532,Del_5p
5533,Del_5q
5534,Del_6p
5535,Del_6q
5536,Del_7p
5537,Del_7q
5538,Del_8p
5539,Del_8q
5540,Del_9p
5541,Del_9q
5542,Del_Xp
5543,Del_Xq
5544,Amp_1p
5545,Amp_1q
5546,Amp_10p
5547,Amp_10q
5548,Amp_11p
5549,Amp_11q
5550,Amp_12p
5551,Amp_12q
5552,Amp_13q
5553,Amp_14q
5554,Amp_15q
5555,Amp_16p
5556,Amp_16q
5557,Amp_17p
5558,Amp_17q
5559,Amp_18p
5560,Amp_18q
5561,Amp_19p
5562,Amp_19q
5563,Amp_2p
5564,Amp_2q
5565,Amp_20p
5566,Amp_20q
5567,Amp_21p
5568,Amp_21q
5569,Amp_22q
5570,Amp_3p
5571,Amp_3q
5572,Amp_4p
5573,Amp_4q
5574,Amp_5p
5575,Amp_5q
5576,Amp_6p
5577,Amp_6q
5578,Amp_7p
5579,Amp_7q
5580,Amp_8p
5581,Amp_8q
5582,Amp_9p
5583,Amp_9q
5584,Amp_Xp
5585,Amp_Xq
5586,Sig_APOBEC
5587,Sig_Age
5588,Sig_BRCA
5589,Sig_MMR
5590,Sig_POLE
5591,Sig_Smoking
5592,Sig_TMZ
5593,Sig_UV
5594,EGFR_SV
5595,EML4_ALK_fusion
5596,ETS_TMPRSS2_fusion
5597,ROS1_fusion
5598,CN_Burden
